ts,experiment,site_id,variant,stage,seconds,note
1791112308.958,t05_light_bootstrap-phreshphish_S1,pp_011fb6056372bd16,S1,decide,0.334038,B
1791112308.963,t05_light_bootstrap-phreshphish_S1,pp_011fb6056372bd16,S1,decide,0.340012,A
1791112308.981,t05_light_bootstrap-phreshphish_S1,pp_011fb6056372bd16,S1,decide,0.356765,A
1791112308.983,t05_light_bootstrap-phreshphish_S1,pp_011fb6056372bd16,S1,decide,0.357819,A
1791112309.201,t05_light_bootstrap-phreshphish_S1,pp_27d47d452d74635a,S1,decide,0.239575,A
1791112309.204,t05_light_bootstrap-phreshphish_S1,pp_27d47d452d74635a,S1,decide,0.236654,A
1791112309.257,t05_light_bootstrap-phreshphish_S1,pp_27d47d452d74635a,S1,decide,0.272263,A
1791112309.279,t05_light_bootstrap-phreshphish_S1,pp_27d47d452d74635a,S1,decide,0.293109,B
1791112309.474,t05_light_bootstrap-phreshphish_S1,pp_309824e86fb51dbf,S1,decide,0.266022,A
1791112309.49,t05_light_bootstrap-phreshphish_S1,pp_309824e86fb51dbf,S1,decide,0.283594,A
1791112309.511,t05_light_bootstrap-phreshphish_S1,pp_309824e86fb51dbf,S1,decide,0.251033,A
1791112309.554,t05_light_bootstrap-phreshphish_S1,pp_309824e86fb51dbf,S1,decide,0.27167,B
1791112309.713,t05_light_bootstrap-phreshphish_S1,pp_32483e1e5bdeb477,S1,decide,0.237014,A
1791112309.743,t05_light_bootstrap-phreshphish_S1,pp_32483e1e5bdeb477,S1,decide,0.229671,A
1791112309.802,t05_light_bootstrap-phreshphish_S1,pp_32483e1e5bdeb477,S1,decide,0.245039,B
1791112309.95,t05_light_bootstrap-phreshphish_S1,pp_32483e1e5bdeb477,S1,decide,0.457585,A
1791112309.965,t05_light_bootstrap-phreshphish_S1,pp_33f77a365a9ec8fa,S1,decide,0.248955,A
1791112310.044,t05_light_bootstrap-phreshphish_S1,pp_33f77a365a9ec8fa,S1,decide,0.238482,A
1791112310.077,t05_light_bootstrap-phreshphish_S1,pp_33f77a365a9ec8fa,S1,decide,0.330797,A
1791112310.227,t05_light_bootstrap-phreshphish_S1,pp_372c805080f13613,S1,decide,0.258669,A
1791112310.344,t05_light_bootstrap-phreshphish_S1,pp_372c805080f13613,S1,decide,0.296561,A
1791112310.38,t05_light_bootstrap-phreshphish_S1,pp_372c805080f13613,S1,decide,0.299339,A
1791112310.514,t05_light_bootstrap-phreshphish_S1,pp_372c805080f13613,S1,decide,0.283339,B
1791112310.599,t05_light_bootstrap-phreshphish_S1,pp_383c8e07ae311e16,S1,decide,0.251483,A
1791112310.632,t05_light_bootstrap-phreshphish_S1,pp_383c8e07ae311e16,S1,decide,0.250586,A
1791112310.655,t05_light_bootstrap-phreshphish_S1,pp_33f77a365a9ec8fa,S1,decide,0.702561,B
1791112310.804,t05_light_bootstrap-phreshphish_S1,pp_383c8e07ae311e16,S1,decide,0.286586,A
1791112310.874,t05_light_bootstrap-phreshphish_S1,pp_383c8e07ae311e16,S1,decide,0.273437,B
1791112310.88,t05_light_bootstrap-phreshphish_S1,pp_3af77611336bac6e,S1,decide,0.24663,A
1791112310.931,t05_light_bootstrap-phreshphish_S1,pp_3af77611336bac6e,S1,decide,0.27356,A
1791112311.06,t05_light_bootstrap-phreshphish_S1,pp_3af77611336bac6e,S1,decide,0.252381,A
1791112311.132,t05_light_bootstrap-phreshphish_S1,pp_3af77611336bac6e,S1,decide,0.254069,B
1791112311.163,t05_light_bootstrap-phreshphish_S1,pp_3e336949686cbf31,S1,decide,0.280326,A
1791112311.184,t05_light_bootstrap-phreshphish_S1,pp_3e336949686cbf31,S1,decide,0.250834,A
1791112311.315,t05_light_bootstrap-phreshphish_S1,pp_3e336949686cbf31,S1,decide,0.253121,A
1791112311.368,t05_light_bootstrap-phreshphish_S1,pp_3e336949686cbf31,S1,decide,0.235126,B
1791112311.431,t05_light_bootstrap-phreshphish_S1,pp_499f968a307fdb3e,S1,decide,0.266048,A
1791112311.473,t05_light_bootstrap-phreshphish_S1,pp_499f968a307fdb3e,S1,decide,0.285964,A
1791112311.594,t05_light_bootstrap-phreshphish_S1,pp_499f968a307fdb3e,S1,decide,0.27582,A
1791112311.664,t05_light_bootstrap-phreshphish_S1,pp_499f968a307fdb3e,S1,decide,0.29253,B
1791112311.692,t05_light_bootstrap-phreshphish_S1,pp_4a114b3b67335a68,S1,decide,0.258912,A
1791112311.719,t05_light_bootstrap-phreshphish_S1,pp_4a114b3b67335a68,S1,decide,0.243879,A
1791112311.862,t05_light_bootstrap-phreshphish_S1,pp_4a114b3b67335a68,S1,decide,0.264826,A
1791112311.906,t05_light_bootstrap-phreshphish_S1,pp_4a114b3b67335a68,S1,decide,0.239943,B
1791112311.941,t05_light_bootstrap-phreshphish_S1,pp_4e3a06c7c3ad58f5,S1,decide,0.246137,A
1791112311.966,t05_light_bootstrap-phreshphish_S1,pp_4e3a06c7c3ad58f5,S1,decide,0.245125,A
1791112312.108,t05_light_bootstrap-phreshphish_S1,pp_4e3a06c7c3ad58f5,S1,decide,0.243978,A
1791112312.193,t05_light_bootstrap-phreshphish_S1,pp_57cec1a05c81ad14,S1,decide,0.250764,A
1791112312.199,t05_light_bootstrap-phreshphish_S1,pp_4e3a06c7c3ad58f5,S1,decide,0.291609,B
1791112312.239,t05_light_bootstrap-phreshphish_S1,pp_57cec1a05c81ad14,S1,decide,0.27023,A
1791112312.385,t05_light_bootstrap-phreshphish_S1,pp_57cec1a05c81ad14,S1,decide,0.274576,A
1791112312.441,t05_light_bootstrap-phreshphish_S1,pp_57cec1a05c81ad14,S1,decide,0.244555,B
1791112312.458,t05_light_bootstrap-phreshphish_S1,pp_59393005ba2f3573,S1,decide,0.255373,A
1791112312.504,t05_light_bootstrap-phreshphish_S1,pp_59393005ba2f3573,S1,decide,0.26144,A
1791112312.633,t05_light_bootstrap-phreshphish_S1,pp_59393005ba2f3573,S1,decide,0.244994,A
1791112312.713,t05_light_bootstrap-phreshphish_S1,pp_5cde0e09c6b8aa37,S1,decide,0.252253,A
1791112312.746,t05_light_bootstrap-phreshphish_S1,pp_59393005ba2f3573,S1,decide,0.302161,B
1791112312.751,t05_light_bootstrap-phreshphish_S1,pp_5cde0e09c6b8aa37,S1,decide,0.244916,A
1791112312.888,t05_light_bootstrap-phreshphish_S1,pp_5cde0e09c6b8aa37,S1,decide,0.251265,A
1791112312.977,t05_light_bootstrap-phreshphish_S1,pp_5cde0e09c6b8aa37,S1,decide,0.258611,B
1791112312.987,t05_light_bootstrap-phreshphish_S1,pp_6600e60f7451d4c8,S1,decide,0.239228,A
1791112313.014,t05_light_bootstrap-phreshphish_S1,pp_6600e60f7451d4c8,S1,decide,0.261089,A
1791112313.134,t05_light_bootstrap-phreshphish_S1,pp_6600e60f7451d4c8,S1,decide,0.243499,A
1791112313.218,t05_light_bootstrap-phreshphish_S1,pp_6600e60f7451d4c8,S1,decide,0.238558,B
1791112313.235,t05_light_bootstrap-phreshphish_S1,pp_67c5499d29de60a2,S1,decide,0.246583,A
1791112313.262,t05_light_bootstrap-phreshphish_S1,pp_67c5499d29de60a2,S1,decide,0.246184,A
1791112313.386,t05_light_bootstrap-phreshphish_S1,pp_67c5499d29de60a2,S1,decide,0.249058,A
1791112313.496,t05_light_bootstrap-phreshphish_S1,pp_67c5499d29de60a2,S1,decide,0.274474,B
1791112313.498,t05_light_bootstrap-phreshphish_S1,pp_6a56e085a1bfa69e,S1,decide,0.260085,A
1791112313.501,t05_light_bootstrap-phreshphish_S1,pp_6a56e085a1bfa69e,S1,decide,0.233812,A
1791112313.641,t05_light_bootstrap-phreshphish_S1,pp_6a56e085a1bfa69e,S1,decide,0.251744,A
1791112313.734,t05_light_bootstrap-phreshphish_S1,pp_6d7187ac1f30d954,S1,decide,0.230177,A
1791112313.752,t05_light_bootstrap-phreshphish_S1,pp_6d7187ac1f30d954,S1,decide,0.249216,A
1791112313.758,t05_light_bootstrap-phreshphish_S1,pp_6a56e085a1bfa69e,S1,decide,0.255741,B
1791112313.899,t05_light_bootstrap-phreshphish_S1,pp_6d7187ac1f30d954,S1,decide,0.255887,A
1791112314.005,t05_light_bootstrap-phreshphish_S1,pp_6d7187ac1f30d954,S1,decide,0.269164,B
1791112314.012,t05_light_bootstrap-phreshphish_S1,pp_70897ced3bece48f,S1,decide,0.258336,A
1791112314.151,t05_light_bootstrap-phreshphish_S1,pp_70897ced3bece48f,S1,decide,0.249718,A
1791112314.191,t05_light_bootstrap-phreshphish_S1,pp_70897ced3bece48f,S1,decide,0.43024,A
1791112314.29,t05_light_bootstrap-phreshphish_S1,pp_70897ced3bece48f,S1,decide,0.279765,B
1791112314.304,t05_light_bootstrap-phreshphish_S1,pp_7220dfb908e177af,S1,decide,0.288179,A
1791112314.398,t05_light_bootstrap-phreshphish_S1,pp_7220dfb908e177af,S1,decide,0.244233,A
1791112314.46,t05_light_bootstrap-phreshphish_S1,pp_7220dfb908e177af,S1,decide,0.267201,A
1791112314.551,t05_light_bootstrap-phreshphish_S1,pp_75e9cc3cec4f3b03,S1,decide,0.24414,A
1791112314.555,t05_light_bootstrap-phreshphish_S1,pp_7220dfb908e177af,S1,decide,0.262822,B
1791112314.645,t05_light_bootstrap-phreshphish_S1,pp_75e9cc3cec4f3b03,S1,decide,0.244227,A
1791112314.707,t05_light_bootstrap-phreshphish_S1,pp_75e9cc3cec4f3b03,S1,decide,0.245177,A
1791112314.789,t05_light_bootstrap-phreshphish_S1,pp_7a4e8d400af9d66c,S1,decide,0.22886,A
1791112314.82,t05_light_bootstrap-phreshphish_S1,pp_75e9cc3cec4f3b03,S1,decide,0.265871,B
1791112314.896,t05_light_bootstrap-phreshphish_S1,pp_7a4e8d400af9d66c,S1,decide,0.248374,A
1791112314.96,t05_light_bootstrap-phreshphish_S1,pp_7a4e8d400af9d66c,S1,decide,0.250287,A
1791112315.043,t05_light_bootstrap-phreshphish_S1,pp_7a4e8d400af9d66c,S1,decide,0.250928,B
1791112315.06,t05_light_bootstrap-phreshphish_S1,pp_7a863a609d6179ba,S1,decide,0.236284,A
1791112315.136,t05_light_bootstrap-phreshphish_S1,pp_7a863a609d6179ba,S1,decide,0.238396,A
1791112315.199,t05_light_bootstrap-phreshphish_S1,pp_7a863a609d6179ba,S1,decide,0.237726,A
1791112315.284,t05_light_bootstrap-phreshphish_S1,pp_7a863a609d6179ba,S1,decide,0.239779,B
1791112315.334,t05_light_bootstrap-phreshphish_S1,pp_7ac7360a7ebacb09,S1,decide,0.272588,A
1791112315.374,t05_light_bootstrap-phreshphish_S1,pp_7ac7360a7ebacb09,S1,decide,0.235635,A
1791112315.469,t05_light_bootstrap-phreshphish_S1,pp_7ac7360a7ebacb09,S1,decide,0.267275,A
1791112315.544,t05_light_bootstrap-phreshphish_S1,pp_7ac7360a7ebacb09,S1,decide,0.258286,B
1791112315.586,t05_light_bootstrap-phreshphish_S1,pp_7e284b4c8e059baf,S1,decide,0.249837,A
1791112315.752,t05_light_bootstrap-phreshphish_S1,pp_7e284b4c8e059baf,S1,decide,0.281389,A
1791112315.783,t05_light_bootstrap-phreshphish_S1,pp_7e284b4c8e059baf,S1,decide,0.237425,B
1791112315.793,t05_light_bootstrap-phreshphish_S1,pp_7e284b4c8e059baf,S1,decide,0.415273,A
1791112315.833,t05_light_bootstrap-phreshphish_S1,pp_87521f57e2591180,S1,decide,0.24515,A
1791112316.003,t05_light_bootstrap-phreshphish_S1,pp_87521f57e2591180,S1,decide,0.24828,A
1791112316.028,t05_light_bootstrap-phreshphish_S1,pp_87521f57e2591180,S1,decide,0.242734,A
1791112316.033,t05_light_bootstrap-phreshphish_S1,pp_87521f57e2591180,S1,decide,0.23767,B
1791112316.078,t05_light_bootstrap-phreshphish_S1,pp_8e0a6ee8b9c9b3c9,S1,decide,0.242518,A
1791112316.25,t05_light_bootstrap-phreshphish_S1,pp_8e0a6ee8b9c9b3c9,S1,decide,0.244667,A
1791112316.294,t05_light_bootstrap-phreshphish_S1,pp_8e0a6ee8b9c9b3c9,S1,decide,0.258498,B
1791112316.307,t05_light_bootstrap-phreshphish_S1,pp_8e0a6ee8b9c9b3c9,S1,decide,0.274808,A
1791112316.341,t05_light_bootstrap-phreshphish_S1,pp_8f1de1a0a54f6dd5,S1,decide,0.260215,A
1791112316.511,t05_light_bootstrap-phreshphish_S1,pp_8f1de1a0a54f6dd5,S1,decide,0.259019,A
1791112316.56,t05_light_bootstrap-phreshphish_S1,pp_8f1de1a0a54f6dd5,S1,decide,0.249309,B
1791112316.585,t05_light_bootstrap-phreshphish_S1,pp_8f1de1a0a54f6dd5,S1,decide,0.288872,A
1791112316.594,t05_light_bootstrap-phreshphish_S1,pp_9826fdac38f38345,S1,decide,0.250542,A
1791112316.769,t05_light_bootstrap-phreshphish_S1,pp_9826fdac38f38345,S1,decide,0.256099,A
1791112316.837,t05_light_bootstrap-phreshphish_S1,pp_9826fdac38f38345,S1,decide,0.248707,B
1791112316.842,t05_light_bootstrap-phreshphish_S1,pp_9826fdac38f38345,S1,decide,0.280543,A
1791112316.888,t05_light_bootstrap-phreshphish_S1,pp_9c86b44639ebfdc5,S1,decide,0.291629,A
1791112317.021,t05_light_bootstrap-phreshphish_S1,pp_9c86b44639ebfdc5,S1,decide,0.248607,A
1791112317.089,t05_light_bootstrap-phreshphish_S1,pp_9c86b44639ebfdc5,S1,decide,0.249606,A
1791112317.116,t05_light_bootstrap-phreshphish_S1,pp_9c86b44639ebfdc5,S1,decide,0.271293,B
1791112317.136,t05_light_bootstrap-phreshphish_S1,pp_a7e925a38709e5d3,S1,decide,0.246095,A
1791112317.257,t05_light_bootstrap-phreshphish_S1,pp_a7e925a38709e5d3,S1,decide,0.233865,A
1791112317.336,t05_light_bootstrap-phreshphish_S1,pp_a7e925a38709e5d3,S1,decide,0.244942,A
1791112317.38,t05_light_bootstrap-phreshphish_S1,pp_a7e925a38709e5d3,S1,decide,0.261923,B
1791112317.382,t05_light_bootstrap-phreshphish_S1,pp_a90b8adda869df3c,S1,decide,0.240977,A
1791112317.513,t05_light_bootstrap-phreshphish_S1,pp_a90b8adda869df3c,S1,decide,0.252854,A
1791112317.627,t05_light_bootstrap-phreshphish_S1,pp_aaf0435c99537d26,S1,decide,0.241369,A
1791112317.634,t05_light_bootstrap-phreshphish_S1,pp_a90b8adda869df3c,S1,decide,0.29507,A
1791112317.64,t05_light_bootstrap-phreshphish_S1,pp_a90b8adda869df3c,S1,decide,0.25497,B
1791112317.801,t05_light_bootstrap-phreshphish_S1,pp_aaf0435c99537d26,S1,decide,0.284792,A
1791112317.897,t05_light_bootstrap-phreshphish_S1,pp_b1e9928a10581762,S1,decide,0.253481,A
1791112317.899,t05_light_bootstrap-phreshphish_S1,pp_aaf0435c99537d26,S1,decide,0.260447,B
1791112317.924,t05_light_bootstrap-phreshphish_S1,pp_aaf0435c99537d26,S1,decide,0.293321,A
1791112318.045,t05_light_bootstrap-phreshphish_S1,pp_b1e9928a10581762,S1,decide,0.240096,A
1791112318.166,t05_light_bootstrap-phreshphish_S1,pp_b1e9928a10581762,S1,decide,0.263416,B
1791112318.19,t05_light_bootstrap-phreshphish_S1,pp_b1e9928a10581762,S1,decide,0.287325,A
1791112318.193,t05_light_bootstrap-phreshphish_S1,pp_b7bbed4b6bb3be64,S1,decide,0.264367,A
1791112318.297,t05_light_bootstrap-phreshphish_S1,pp_b7bbed4b6bb3be64,S1,decide,0.249665,A
1791112318.422,t05_light_bootstrap-phreshphish_S1,pp_b7bbed4b6bb3be64,S1,decide,0.25196,A
1791112318.439,t05_light_bootstrap-phreshphish_S1,pp_ba70ace0bf382948,S1,decide,0.242621,A
1791112318.491,t05_light_bootstrap-phreshphish_S1,pp_b7bbed4b6bb3be64,S1,decide,0.29417,B
1791112318.544,t05_light_bootstrap-phreshphish_S1,pp_ba70ace0bf382948,S1,decide,0.243597,A
1791112318.706,t05_light_bootstrap-phreshphish_S1,pp_ba70ace0bf382948,S1,decide,0.26516,B
1791112318.714,t05_light_bootstrap-phreshphish_S1,pp_ba70ace0bf382948,S1,decide,0.289607,A
1791112318.75,t05_light_bootstrap-phreshphish_S1,pp_baef1f03a5d9074b,S1,decide,0.256128,A
1791112318.794,t05_light_bootstrap-phreshphish_S1,pp_baef1f03a5d9074b,S1,decide,0.245928,A
1791112319.02,t05_light_bootstrap-phreshphish_S1,pp_baef1f03a5d9074b,S1,decide,0.302718,B
1791112319.021,t05_light_bootstrap-phreshphish_S1,pp_bbdd318fe68867e1,S1,decide,0.268311,A
1791112319.026,t05_light_bootstrap-phreshphish_S1,pp_bbdd318fe68867e1,S1,decide,0.231045,A
1791112319.124,t05_light_bootstrap-phreshphish_S1,pp_baef1f03a5d9074b,S1,decide,0.415939,A
1791112319.266,t05_light_bootstrap-phreshphish_S1,pp_bbdd318fe68867e1,S1,decide,0.242975,A
1791112319.3,t05_light_bootstrap-phreshphish_S1,pp_bda46312ef2c172c,S1,decide,0.272188,A
1791112319.307,t05_light_bootstrap-phreshphish_S1,pp_bbdd318fe68867e1,S1,decide,0.283942,B
1791112319.387,t05_light_bootstrap-phreshphish_S1,pp_bda46312ef2c172c,S1,decide,0.260208,A
1791112319.544,t05_light_bootstrap-phreshphish_S1,pp_bda46312ef2c172c,S1,decide,0.274696,A
1791112319.546,t05_light_bootstrap-phreshphish_S1,pp_c13edf26a4ba9f61,S1,decide,0.235429,A
1791112319.614,t05_light_bootstrap-phreshphish_S1,pp_bda46312ef2c172c,S1,decide,0.311043,B
1791112319.644,t05_light_bootstrap-phreshphish_S1,pp_c13edf26a4ba9f61,S1,decide,0.253361,A
1791112319.796,t05_light_bootstrap-phreshphish_S1,pp_c13edf26a4ba9f61,S1,decide,0.248432,A
1791112319.808,t05_light_bootstrap-phreshphish_S1,pp_c13edf26a4ba9f61,S1,decide,0.25953,B
1791112319.904,t05_light_bootstrap-phreshphish_S1,pp_c4dc9cb6d437aea7,S1,decide,0.287707,A
1791112319.946,t05_light_bootstrap-phreshphish_S1,pp_c4dc9cb6d437aea7,S1,decide,0.299865,A
1791112320.067,t05_light_bootstrap-phreshphish_S1,pp_c4dc9cb6d437aea7,S1,decide,0.268326,A
1791112320.09,t05_light_bootstrap-phreshphish_S1,pp_c4dc9cb6d437aea7,S1,decide,0.279882,B
1791112320.181,t05_light_bootstrap-phreshphish_S1,pp_c50fc73e9734adc2,S1,decide,0.274362,A
1791112320.223,t05_light_bootstrap-phreshphish_S1,pp_c50fc73e9734adc2,S1,decide,0.274217,A
1791112320.317,t05_light_bootstrap-phreshphish_S1,pp_c50fc73e9734adc2,S1,decide,0.246769,A
1791112320.368,t05_light_bootstrap-phreshphish_S1,pp_c50fc73e9734adc2,S1,decide,0.274648,B
1791112320.478,t05_light_bootstrap-phreshphish_S1,pp_c52aabbcc5158cfe,S1,decide,0.29302,A
1791112320.496,t05_light_bootstrap-phreshphish_S1,pp_c52aabbcc5158cfe,S1,decide,0.271044,A
1791112320.574,t05_light_bootstrap-phreshphish_S1,pp_c52aabbcc5158cfe,S1,decide,0.254328,A
1791112320.642,t05_light_bootstrap-phreshphish_S1,pp_c52aabbcc5158cfe,S1,decide,0.271417,B
1791112320.744,t05_light_bootstrap-phreshphish_S1,pp_c5e512db7dd42b0f,S1,decide,0.262998,A
1791112320.759,t05_light_bootstrap-phreshphish_S1,pp_c5e512db7dd42b0f,S1,decide,0.259614,A
1791112320.86,t05_light_bootstrap-phreshphish_S1,pp_c5e512db7dd42b0f,S1,decide,0.28284,A
1791112320.889,t05_light_bootstrap-phreshphish_S1,pp_c5e512db7dd42b0f,S1,decide,0.243705,B
1791112320.998,t05_light_bootstrap-phreshphish_S1,pp_c82859dcb798670e,S1,decide,0.251403,A
1791112321.009,t05_light_bootstrap-phreshphish_S1,pp_c82859dcb798670e,S1,decide,0.246626,A
1791112321.13,t05_light_bootstrap-phreshphish_S1,pp_c82859dcb798670e,S1,decide,0.267158,A
1791112321.176,t05_light_bootstrap-phreshphish_S1,pp_c82859dcb798670e,S1,decide,0.283509,B
1791112321.239,t05_light_bootstrap-phreshphish_S1,pp_e173c5b8df2aee72,S1,decide,0.238972,A
1791112321.264,t05_light_bootstrap-phreshphish_S1,pp_e173c5b8df2aee72,S1,decide,0.252918,A
1791112321.397,t05_light_bootstrap-phreshphish_S1,pp_e173c5b8df2aee72,S1,decide,0.264424,A
1791112321.454,t05_light_bootstrap-phreshphish_S1,pp_e173c5b8df2aee72,S1,decide,0.27532,B
1791112321.494,t05_light_bootstrap-phreshphish_S1,pp_e18c7ee830a3864e,S1,decide,0.250565,A
1791112321.531,t05_light_bootstrap-phreshphish_S1,pp_e18c7ee830a3864e,S1,decide,0.264353,A
1791112321.664,t05_light_bootstrap-phreshphish_S1,pp_e18c7ee830a3864e,S1,decide,0.264469,A
1791112321.699,t05_light_bootstrap-phreshphish_S1,pp_e18c7ee830a3864e,S1,decide,0.243164,B
1791112321.772,t05_light_bootstrap-phreshphish_S1,pp_ee88be4f7636a237,S1,decide,0.273837,A
1791112321.783,t05_light_bootstrap-phreshphish_S1,pp_ee88be4f7636a237,S1,decide,0.248523,A
1791112321.918,t05_light_bootstrap-phreshphish_S1,pp_ee88be4f7636a237,S1,decide,0.251295,A
1791112321.947,t05_light_bootstrap-phreshphish_S1,pp_ee88be4f7636a237,S1,decide,0.244445,B
1791112322.048,t05_light_bootstrap-phreshphish_S1,pp_f150584aafac10fb,S1,decide,0.27419,A
1791112322.142,t05_light_bootstrap-phreshphish_S1,pp_f150584aafac10fb,S1,decide,0.356309,A
1791112322.169,t05_light_bootstrap-phreshphish_S1,pp_f150584aafac10fb,S1,decide,0.247605,A
1791112322.171,t05_light_bootstrap-phreshphish_S1,pp_f150584aafac10fb,S1,decide,0.22095,B
