_id,url,label,language,source,target,sha256
640a00e0027570de0742438b,https://polarprofessional.com/newDocument/87878687_8778878/_87876gxyttu/99877e.html,1,en,putra,"[""adobe""]",
640a0162027570de07424393,https://zangadam.cloud/M-58/Espace/client/connexion.php?view=login&appIdKey=28ecc97b2ba2a52&country=fr,1,fr,putra,"[""banquepostale""]",
640a01ae027570de07424398,https://bafybeiangb3bnzrecoj3kb6m3e2ohssnwh6ydhpcu6fvrgy6cazj64zwtu.ipfs.dweb.link/,1,en,putra,"[""genericemail""]",
640a02ad027570de074243a1,https://att-vital-1page.square.site/,1,en,putra,"[""att""]",
640a0600027570de074243b9,https://clever-dhawan.47-87-201-210.plesk.page/fhju/bp/,1,fr,putra,"[""banquepostale""]",
640a080a027570de074243c7,https://objective-kilby.47-87-201-210.plesk.page/gfhty/bp/,1,fr,putra,"[""banquepostale""]",
640a09ab027570de074243cf,https://themes.1-grid.com/DE/DKB/Internet-Banking/a182869b3374ccfe67918728eb53a3ef/,1,de,putra,"[""dkb""]",
640a0a61027570de074243d4,https://metamask.web01.site-manager.eu/,1,en,putra,"[""metamask""]",
640a124e5e12d83aeab239b8,https://metamasl.net/,1,en,putra,"[""metamask""]",
640a13a85e12d83aeab239c3,https://brandscry.com/,1,en,putra,"[""microsoft""]",
640a18355e12d83aeab239c8,https://bafybeib23eozkxidvq7mvjsb25m6w27allwfxwrrfrnkaftstg5mj7rzqq.ipfs.dweb.link/,1,en,putra,"[""microsoft""]",
640a18495e12d83aeab239ca,https://us-server-update.i2x-tech.com/usa/usps/contract/,1,en,putra,"[""usps""]",
640a18c35e12d83aeab239d2,http://www.psertgood.com/,1,en,putra,"[""usps""]",
640a223f5e12d83aeab239ec,https://netflix-clone-lkmjzdl7y-wildanjr09.vercel.app/,1,en,putra,"[""netflix""]",
640a224d5e12d83aeab239ee,http://www.facebook.com.weilerpropertiesllc.com/,1,en,putra,"[""facebook""]",
640a22d85e12d83aeab23a00,https://sieamcomnunlty.ru/ld/marinaaa,1,ru,putra,"[""steam""]",
640a23715e12d83aeab23a16,https://mapefumigaciones.es/widgt/1129882898172217a/,1,de,putra,"[""sbbch""]",
640a23ba5e12d83aeab23a1b,https://mmetatsammsmks.azurewebsites.net/,1,en,putra,"[""metamask""]",
642ea80461bb656e3eb3ee0d,https://edition.cnn.com/,0,en,putra,,
642ea9b761bb656e3eb3ee0f,https://booking.miramonti.aurturist.com/,0,de,putra,,
642eaa1961bb656e3eb3ee11,https://www.cours2soutien.fr/,0,fr,putra,,
642eaa7c61bb656e3eb3ee14,https://canva-note.com/,0,ja,putra,,
642eaa9a61bb656e3eb3ee16,http://ww1.learningplusonsemi.com/,0,en,putra,,
642eaafe61bb656e3eb3ee18,https://develop.fact-service.de/kundenportal/,0,de,putra,,
642eab8c61bb656e3eb3ee1a,http://www.pruthviagroagencies.com/,0,en,putra,,
642eabbe61bb656e3eb3ee1d,https://20235-eu.prod.umotif.io/auth,0,en,putra,,
642eac5161bb656e3eb3ee1f,https://salvatoredimino.com/,0,it,putra,,
642eac9161bb656e3eb3ee21,https://regportal.cefpro.com/register?/membersHub/report/iAB12ABCDEFGHIJKLMNOPQ758m,0,en,putra,,
642ead3a61bb656e3eb3ee24,https://tkein.uber.space/,0,de,putra,,
642ead7261bb656e3eb3ee26,https://stargate.ac/,0,en,putra,,
642eadc061bb656e3eb3ee28,https://www.prudentwolf.com/,0,en,putra,,
642eae2061bb656e3eb3ee2a,https://volkswagenuk.aimsmarter.co.uk/,0,en,putra,,
642eaea561bb656e3eb3ee2c,https://www.huntingdencarpets.com/,0,en,putra,,
642eaecb61bb656e3eb3ee2e,https://chromaworld.io/,0,en,putra,,
642eaf4661bb656e3eb3ee30,https://jp.rohto.com/zi/,0,ja,putra,,
642eafe561bb656e3eb3ee32,https://www.expert.bg/,0,bg,putra,,
642eb04061bb656e3eb3ee34,https://www.hattatyapi.net/,0,tr,putra,,
642eb06761bb656e3eb3ee36,https://yiersan.hnmang.com/,0,vi,putra,,
642eb10861bb656e3eb3ee38,https://www.sccm.org/myprofile,0,en,putra,,
642eb18a61bb656e3eb3ee3a,https://www.nursingworld.org/membership/joinana/,0,en,putra,,
642eb1e961bb656e3eb3ee3c,https://mycryptex.com/de-de,0,de,putra,,
642eb21861bb656e3eb3ee3f,https://pruthviraj.online/,0,en,putra,,
642eb2f161bb656e3eb3ee41,https://test-mvp.everyticket.in/,0,en,putra,,
640a250b5e12d83aeab23a32,http://www.appdkb.me/de_DE/banking/,1,de,putra,"[""dkb""]",
640a279c5e12d83aeab23a3d,https://ap-classroom.com/,1,en,putra,"[""discord""]",
640a289c5e12d83aeab23a52,https://bafybeih7vk6g2aehjawxzwt2m4dvfsh5qny3ozjk637zgdl2gdm3zvfp5y.ipfs.dweb.link/customindex.html,1,en,putra,"[""microsoft""]",
640a28ab5e12d83aeab23a55,https://bafybeiemlrsokrrv4qa4xwzdzykhxluyzwxzxe37l5lzt7gbsphzv3oieu.ipfs.dweb.link/customindex.html,1,en,putra,"[""microsoft""]",
640a28d05e12d83aeab23a57,https://halmercoffee.com/,1,en,putra,"[""madeinchina""]",
640a28e15e12d83aeab23a5a,https://glitzwebdevelopment.com/LinkedInBusiness/LinkedIn/sojian.php?email=3mail@b.c,1,en,putra,"[""linkedin""]",
640a28ee5e12d83aeab23a5c,https://ads-management-fb2488619.firebaseapp.com/,1,en,putra,"[""facebook""]",
