config,f1,auroc,ppv_at_1pct,usd_per_1000,latency_s_per_site,stop_S0,stop_S1,stop_S3,task,dataset
S0 alone (direct),0.18181818181818182,0.9311111111111111,1.0,0.014959699999999996,0.2575600055167645,1.0,,,t11b,bootstrap-phreshphish
S1 alone (direct),0.5714285714285714,0.8627777777777778,1.0,0.05936559999999999,4.271531281233425,,1.0,,t11b,bootstrap-phreshphish
S3 alone (direct),0.6363636363636364,0.8866995073891626,0.12073828738419641,0.3590615,4.110291227101213,,,0.95,t11b,bootstrap-phreshphish
"cascade S0->S1->S3 band [0.05,0.5] (direct)",0.6808510638297872,0.888888888888889,0.14006118007480672,0.18286487578947377,4.334796594767794,0.4,0.25,0.35,t11b,bootstrap-phreshphish
S0 alone (lr),0.8813559322033898,0.9311111111111111,0.08044204306876378,0.014959699999999996,0.2575600055167645,1.0,,t11b,bootstrap-phreshphish
S1 alone (lr),0.9310344827586207,0.9911111111111112,0.2149335597888175,0.08023960000000004,4.2760897194821155,,1.0,t11b,bootstrap-phreshphish
"cascade S0->S1 band [0.2,0.7] (lr)",0.9333333333333333,0.9772222222222222,0.12389755650558452,0.05240484666666668,2.2530685412750846,0.5333333333333333,0.4666666666666667,t11b,bootstrap-phreshphish
lr_to_s3: Jev only,0.9310344827586207,0.9911111111111112,0.21454468470126337,0.0,0.0,1.0,,t11,bootstrap-phreshphish
lr_to_s3: second stage only,0.6363636363636364,0.8866995073891626,0.11954172238479707,0.3800000000000001,3.8,,0.95,t11,bootstrap-phreshphish
"lr_to_s3: band [0.05,0.5]",0.9310344827586207,0.9410714285714287,0.20274983699272237,0.09333333333333334,0.9333333333333333,0.7333333333333333,0.23333333333333334,t11,bootstrap-phreshphish
"lr_to_s3: band [0.05,0.55]",0.9310344827586207,0.9410714285714287,0.20274983699272237,0.09333333333333334,0.9333333333333333,0.7333333333333333,0.23333333333333334,t11,bootstrap-phreshphish
"lr_to_s3: band [0.05,0.6]",0.9122807017543859,0.9410714285714287,0.1968457138930129,0.10000000000000002,1.0,0.7166666666666667,0.25,t11,bootstrap-phreshphish
"lr_to_s3: band [0.05,0.65]",0.9122807017543859,0.9410714285714287,0.1968457138930129,0.10666666666666666,1.0666666666666667,0.7,0.26666666666666666,t11,bootstrap-phreshphish
"lr_to_s3: band [0.05,0.7]",0.9122807017543859,0.9410714285714287,0.1968457138930129,0.10666666666666666,1.0666666666666667,0.7,0.26666666666666666,t11,bootstrap-phreshphish
"lr_to_s3: band [0.05,0.75]",0.9122807017543859,0.9410714285714287,0.1968457138930129,0.10666666666666666,1.0666666666666667,0.7,0.26666666666666666,t11,bootstrap-phreshphish
"lr_to_s3: band [0.05,0.8]",0.9122807017543859,0.9410714285714287,0.1968457138930129,0.10666666666666666,1.0666666666666667,0.7,0.26666666666666666,t11,bootstrap-phreshphish
"lr_to_s3: band [0.05,0.85]",0.9122807017543859,0.9410714285714287,0.1968457138930129,0.10666666666666666,1.0666666666666667,0.7,0.26666666666666666,t11,bootstrap-phreshphish
"lr_to_s3: band [0.05,0.9]",0.9122807017543859,0.9410714285714287,0.1968457138930129,0.10666666666666666,1.0666666666666667,0.7,0.26666666666666666,t11,bootstrap-phreshphish
"lr_to_s3: band [0.05,0.95]",0.8928571428571429,0.9196428571428572,0.19038054216458666,0.11333333333333334,1.1333333333333333,0.6833333333333333,0.2833333333333333,t11,bootstrap-phreshphish
"lr_to_s3: band [0.1,0.5]",0.9310344827586207,0.9369047619047619,0.20274983699272237,0.06000000000000001,0.6,0.8166666666666667,0.15,t11,bootstrap-phreshphish
"lr_to_s3: band [0.1,0.55]",0.9310344827586207,0.9369047619047619,0.20274983699272237,0.06000000000000001,0.6,0.8166666666666667,0.15,t11,bootstrap-phreshphish
"lr_to_s3: band [0.1,0.6]",0.9122807017543859,0.9369047619047619,0.1968457138930129,0.06666666666666667,0.6666666666666666,0.8,0.16666666666666666,t11,bootstrap-phreshphish
"lr_to_s3: band [0.1,0.65]",0.9122807017543859,0.9369047619047619,0.1968457138930129,0.07333333333333333,0.7333333333333333,0.7833333333333333,0.18333333333333332,t11,bootstrap-phreshphish
"lr_to_s3: band [0.1,0.7]",0.9122807017543859,0.9369047619047619,0.1968457138930129,0.07333333333333333,0.7333333333333333,0.7833333333333333,0.18333333333333332,t11,bootstrap-phreshphish
"lr_to_s3: band [0.1,0.75]",0.9122807017543859,0.9369047619047619,0.1968457138930129,0.07333333333333333,0.7333333333333333,0.7833333333333333,0.18333333333333332,t11,bootstrap-phreshphish
"lr_to_s3: band [0.1,0.8]",0.9122807017543859,0.9369047619047619,0.1968457138930129,0.07333333333333333,0.7333333333333333,0.7833333333333333,0.18333333333333332,t11,bootstrap-phreshphish
"lr_to_s3: band [0.1,0.85]",0.9122807017543859,0.9369047619047619,0.1968457138930129,0.07333333333333333,0.7333333333333333,0.7833333333333333,0.18333333333333332,t11,bootstrap-phreshphish
"lr_to_s3: band [0.1,0.9]",0.9122807017543859,0.9369047619047619,0.1968457138930129,0.07333333333333333,0.7333333333333333,0.7833333333333333,0.18333333333333332,t11,bootstrap-phreshphish
"lr_to_s3: band [0.1,0.95]",0.8928571428571429,0.9148809523809525,0.19038054216458666,0.08,0.8,0.7666666666666667,0.2,t11,bootstrap-phreshphish
"lr_to_s3: band [0.15,0.5]",0.9310344827586207,0.9339080459770114,0.20893219106579625,0.05333333333333333,0.5333333333333333,0.85,0.13333333333333333,t11,bootstrap-phreshphish
"lr_to_s3: band [0.15,0.55]",0.9310344827586207,0.9339080459770114,0.20893219106579625,0.05333333333333333,0.5333333333333333,0.85,0.13333333333333333,t11,bootstrap-phreshphish
"lr_to_s3: band [0.15,0.6]",0.9122807017543859,0.9339080459770114,0.20289145488146285,0.06000000000000001,0.6,0.8333333333333334,0.15,t11,bootstrap-phreshphish
"lr_to_s3: band [0.15,0.65]",0.9122807017543859,0.9339080459770114,0.20289145488146285,0.06666666666666667,0.6666666666666666,0.8166666666666667,0.16666666666666666,t11,bootstrap-phreshphish
"lr_to_s3: band [0.15,0.7]",0.9122807017543859,0.9339080459770114,0.20289145488146285,0.06666666666666667,0.6666666666666666,0.8166666666666667,0.16666666666666666,t11,bootstrap-phreshphish
"lr_to_s3: band [0.15,0.75]",0.9122807017543859,0.9339080459770114,0.20289145488146285,0.06666666666666667,0.6666666666666666,0.8166666666666667,0.16666666666666666,t11,bootstrap-phreshphish
"lr_to_s3: band [0.15,0.8]",0.9122807017543859,0.9339080459770114,0.20289145488146285,0.06666666666666667,0.6666666666666666,0.8166666666666667,0.16666666666666666,t11,bootstrap-phreshphish
"lr_to_s3: band [0.15,0.85]",0.9122807017543859,0.9339080459770114,0.20289145488146285,0.06666666666666667,0.6666666666666666,0.8166666666666667,0.16666666666666666,t11,bootstrap-phreshphish
"lr_to_s3: band [0.15,0.9]",0.9122807017543859,0.9339080459770114,0.20289145488146285,0.06666666666666667,0.6666666666666666,0.8166666666666667,0.16666666666666666,t11,bootstrap-phreshphish
"lr_to_s3: band [0.15,0.95]",0.8928571428571429,0.910919540229885,0.1962789913162407,0.07333333333333333,0.7333333333333333,0.8,0.18333333333333332,t11,bootstrap-phreshphish
"lr_to_s3: band [0.2,0.5]",0.9310344827586207,0.9299999999999999,0.21454468470126337,0.03333333333333333,0.3333333333333333,0.9166666666666666,0.08333333333333333,t11,bootstrap-phreshphish
"lr_to_s3: band [0.2,0.55]",0.9310344827586207,0.9299999999999999,0.21454468470126337,0.03333333333333333,0.3333333333333333,0.9166666666666666,0.08333333333333333,t11,bootstrap-phreshphish
"lr_to_s3: band [0.2,0.6]",0.9122807017543859,0.9299999999999999,0.20838591535395856,0.04,0.4,0.9,0.1,t11,bootstrap-phreshphish
"lr_to_s3: band [0.2,0.65]",0.9122807017543859,0.9299999999999999,0.20838591535395856,0.04666666666666667,0.4666666666666667,0.8833333333333333,0.11666666666666667,t11,bootstrap-phreshphish
"lr_to_s3: band [0.2,0.7]",0.9122807017543859,0.9299999999999999,0.20838591535395856,0.04666666666666667,0.4666666666666667,0.8833333333333333,0.11666666666666667,t11,bootstrap-phreshphish
"lr_to_s3: band [0.2,0.75]",0.9122807017543859,0.9299999999999999,0.20838591535395856,0.04666666666666667,0.4666666666666667,0.8833333333333333,0.11666666666666667,t11,bootstrap-phreshphish
"lr_to_s3: band [0.2,0.8]",0.9122807017543859,0.9299999999999999,0.20838591535395856,0.04666666666666667,0.4666666666666667,0.8833333333333333,0.11666666666666667,t11,bootstrap-phreshphish
"lr_to_s3: band [0.2,0.85]",0.9122807017543859,0.9299999999999999,0.20838591535395856,0.04666666666666667,0.4666666666666667,0.8833333333333333,0.11666666666666667,t11,bootstrap-phreshphish
"lr_to_s3: band [0.2,0.9]",0.9122807017543859,0.9299999999999999,0.20838591535395856,0.04666666666666667,0.4666666666666667,0.8833333333333333,0.11666666666666667,t11,bootstrap-phreshphish
"lr_to_s3: band [0.2,0.95]",0.8928571428571429,0.9061111111111113,0.20163611734219447,0.05333333333333334,0.5333333333333333,0.8666666666666667,0.13333333333333333,t11,bootstrap-phreshphish
"lr_to_s3: band [0.25,0.5]",0.9310344827586207,0.9299999999999999,0.21454468470126337,0.03333333333333333,0.3333333333333333,0.9166666666666666,0.08333333333333333,t11,bootstrap-phreshphish
"lr_to_s3: band [0.25,0.55]",0.9310344827586207,0.9299999999999999,0.21454468470126337,0.03333333333333333,0.3333333333333333,0.9166666666666666,0.08333333333333333,t11,bootstrap-phreshphish
"lr_to_s3: band [0.25,0.6]",0.9122807017543859,0.9299999999999999,0.20838591535395856,0.04,0.4,0.9,0.1,t11,bootstrap-phreshphish
"lr_to_s3: band [0.25,0.65]",0.9122807017543859,0.9299999999999999,0.20838591535395856,0.04666666666666667,0.4666666666666667,0.8833333333333333,0.11666666666666667,t11,bootstrap-phreshphish
"lr_to_s3: band [0.25,0.7]",0.9122807017543859,0.9299999999999999,0.20838591535395856,0.04666666666666667,0.4666666666666667,0.8833333333333333,0.11666666666666667,t11,bootstrap-phreshphish
"lr_to_s3: band [0.25,0.75]",0.9122807017543859,0.9299999999999999,0.20838591535395856,0.04666666666666667,0.4666666666666667,0.8833333333333333,0.11666666666666667,t11,bootstrap-phreshphish
"lr_to_s3: band [0.25,0.8]",0.9122807017543859,0.9299999999999999,0.20838591535395856,0.04666666666666667,0.4666666666666667,0.8833333333333333,0.11666666666666667,t11,bootstrap-phreshphish
"lr_to_s3: band [0.25,0.85]",0.9122807017543859,0.9299999999999999,0.20838591535395856,0.04666666666666667,0.4666666666666667,0.8833333333333333,0.11666666666666667,t11,bootstrap-phreshphish
"lr_to_s3: band [0.25,0.9]",0.9122807017543859,0.9299999999999999,0.20838591535395856,0.04666666666666667,0.4666666666666667,0.8833333333333333,0.11666666666666667,t11,bootstrap-phreshphish
"lr_to_s3: band [0.25,0.95]",0.8928571428571429,0.9061111111111113,0.20163611734219447,0.05333333333333334,0.5333333333333333,0.8666666666666667,0.13333333333333333,t11,bootstrap-phreshphish
"lr_to_s3: band [0.3,0.5]",0.9310344827586207,0.9427777777777778,0.21454468470126337,0.026666666666666665,0.26666666666666666,0.9333333333333333,0.06666666666666667,t11,bootstrap-phreshphish
"lr_to_s3: band [0.3,0.55]",0.9310344827586207,0.9427777777777778,0.21454468470126337,0.026666666666666665,0.26666666666666666,0.9333333333333333,0.06666666666666667,t11,bootstrap-phreshphish
"lr_to_s3: band [0.3,0.6]",0.9122807017543859,0.9427777777777778,0.20838591535395856,0.03333333333333333,0.3333333333333333,0.9166666666666666,0.08333333333333333,t11,bootstrap-phreshphish
"lr_to_s3: band [0.3,0.65]",0.9122807017543859,0.9427777777777778,0.20838591535395856,0.04,0.4,0.9,0.1,t11,bootstrap-phreshphish
"lr_to_s3: band [0.3,0.7]",0.9122807017543859,0.9427777777777778,0.20838591535395856,0.04,0.4,0.9,0.1,t11,bootstrap-phreshphish
"lr_to_s3: band [0.3,0.75]",0.9122807017543859,0.9427777777777778,0.20838591535395856,0.04,0.4,0.9,0.1,t11,bootstrap-phreshphish
"lr_to_s3: band [0.3,0.8]",0.9122807017543859,0.9427777777777778,0.20838591535395856,0.04,0.4,0.9,0.1,t11,bootstrap-phreshphish
"lr_to_s3: band [0.3,0.85]",0.9122807017543859,0.9427777777777778,0.20838591535395856,0.04,0.4,0.9,0.1,t11,bootstrap-phreshphish
"lr_to_s3: band [0.3,0.9]",0.9122807017543859,0.9427777777777778,0.20838591535395856,0.04,0.4,0.9,0.1,t11,bootstrap-phreshphish
"lr_to_s3: band [0.3,0.95]",0.8928571428571429,0.918888888888889,0.20163611734219447,0.04666666666666667,0.4666666666666667,0.8833333333333333,0.11666666666666667,t11,bootstrap-phreshphish
"lr_to_s3: band [0.35,0.5]",0.9310344827586207,0.9427777777777778,0.21454468470126337,0.026666666666666665,0.26666666666666666,0.9333333333333333,0.06666666666666667,t11,bootstrap-phreshphish
"lr_to_s3: band [0.35,0.55]",0.9310344827586207,0.9427777777777778,0.21454468470126337,0.026666666666666665,0.26666666666666666,0.9333333333333333,0.06666666666666667,t11,bootstrap-phreshphish
"lr_to_s3: band [0.35,0.6]",0.9122807017543859,0.9427777777777778,0.20838591535395856,0.03333333333333333,0.3333333333333333,0.9166666666666666,0.08333333333333333,t11,bootstrap-phreshphish
"lr_to_s3: band [0.35,0.65]",0.9122807017543859,0.9427777777777778,0.20838591535395856,0.04,0.4,0.9,0.1,t11,bootstrap-phreshphish
"lr_to_s3: band [0.35,0.7]",0.9122807017543859,0.9427777777777778,0.20838591535395856,0.04,0.4,0.9,0.1,t11,bootstrap-phreshphish
"lr_to_s3: band [0.35,0.75]",0.9122807017543859,0.9427777777777778,0.20838591535395856,0.04,0.4,0.9,0.1,t11,bootstrap-phreshphish
"lr_to_s3: band [0.35,0.8]",0.9122807017543859,0.9427777777777778,0.20838591535395856,0.04,0.4,0.9,0.1,t11,bootstrap-phreshphish
"lr_to_s3: band [0.35,0.85]",0.9122807017543859,0.9427777777777778,0.20838591535395856,0.04,0.4,0.9,0.1,t11,bootstrap-phreshphish
"lr_to_s3: band [0.35,0.9]",0.9122807017543859,0.9427777777777778,0.20838591535395856,0.04,0.4,0.9,0.1,t11,bootstrap-phreshphish
"lr_to_s3: band [0.35,0.95]",0.8928571428571429,0.918888888888889,0.20163611734219447,0.04666666666666667,0.4666666666666667,0.8833333333333333,0.11666666666666667,t11,bootstrap-phreshphish
"lr_to_s3: band [0.4,0.5]",0.9310344827586207,0.9416666666666667,0.21454468470126337,0.02,0.2,0.95,0.05,t11,bootstrap-phreshphish
"lr_to_s3: band [0.4,0.55]",0.9310344827586207,0.9416666666666667,0.21454468470126337,0.02,0.2,0.95,0.05,t11,bootstrap-phreshphish
"lr_to_s3: band [0.4,0.6]",0.9122807017543859,0.9405555555555557,0.20838591535395856,0.026666666666666665,0.26666666666666666,0.9333333333333333,0.06666666666666667,t11,bootstrap-phreshphish
"lr_to_s3: band [0.4,0.65]",0.9122807017543859,0.9405555555555557,0.20838591535395856,0.03333333333333333,0.3333333333333333,0.9166666666666666,0.08333333333333333,t11,bootstrap-phreshphish
"lr_to_s3: band [0.4,0.7]",0.9122807017543859,0.9405555555555557,0.20838591535395856,0.03333333333333333,0.3333333333333333,0.9166666666666666,0.08333333333333333,t11,bootstrap-phreshphish
"lr_to_s3: band [0.4,0.75]",0.9122807017543859,0.9405555555555557,0.20838591535395856,0.03333333333333333,0.3333333333333333,0.9166666666666666,0.08333333333333333,t11,bootstrap-phreshphish
"lr_to_s3: band [0.4,0.8]",0.9122807017543859,0.9405555555555557,0.20838591535395856,0.03333333333333333,0.3333333333333333,0.9166666666666666,0.08333333333333333,t11,bootstrap-phreshphish
"lr_to_s3: band [0.4,0.85]",0.9122807017543859,0.9405555555555557,0.20838591535395856,0.03333333333333333,0.3333333333333333,0.9166666666666666,0.08333333333333333,t11,bootstrap-phreshphish
"lr_to_s3: band [0.4,0.9]",0.9122807017543859,0.9405555555555557,0.20838591535395856,0.03333333333333333,0.3333333333333333,0.9166666666666666,0.08333333333333333,t11,bootstrap-phreshphish
"lr_to_s3: band [0.4,0.95]",0.8928571428571429,0.9166666666666667,0.20163611734219447,0.04,0.4,0.9,0.1,t11,bootstrap-phreshphish
"lr_to_s3: band [0.45,0.5]",0.9310344827586207,0.9416666666666667,0.21454468470126337,0.02,0.2,0.95,0.05,t11,bootstrap-phreshphish
"lr_to_s3: band [0.45,0.55]",0.9310344827586207,0.9416666666666667,0.21454468470126337,0.02,0.2,0.95,0.05,t11,bootstrap-phreshphish
"lr_to_s3: band [0.45,0.6]",0.9122807017543859,0.9405555555555557,0.20838591535395856,0.026666666666666665,0.26666666666666666,0.9333333333333333,0.06666666666666667,t11,bootstrap-phreshphish
"lr_to_s3: band [0.45,0.65]",0.9122807017543859,0.9405555555555557,0.20838591535395856,0.03333333333333333,0.3333333333333333,0.9166666666666666,0.08333333333333333,t11,bootstrap-phreshphish
"lr_to_s3: band [0.45,0.7]",0.9122807017543859,0.9405555555555557,0.20838591535395856,0.03333333333333333,0.3333333333333333,0.9166666666666666,0.08333333333333333,t11,bootstrap-phreshphish
"lr_to_s3: band [0.45,0.75]",0.9122807017543859,0.9405555555555557,0.20838591535395856,0.03333333333333333,0.3333333333333333,0.9166666666666666,0.08333333333333333,t11,bootstrap-phreshphish
"lr_to_s3: band [0.45,0.8]",0.9122807017543859,0.9405555555555557,0.20838591535395856,0.03333333333333333,0.3333333333333333,0.9166666666666666,0.08333333333333333,t11,bootstrap-phreshphish
"lr_to_s3: band [0.45,0.85]",0.9122807017543859,0.9405555555555557,0.20838591535395856,0.03333333333333333,0.3333333333333333,0.9166666666666666,0.08333333333333333,t11,bootstrap-phreshphish
"lr_to_s3: band [0.45,0.9]",0.9122807017543859,0.9405555555555557,0.20838591535395856,0.03333333333333333,0.3333333333333333,0.9166666666666666,0.08333333333333333,t11,bootstrap-phreshphish
"lr_to_s3: band [0.45,0.95]",0.8928571428571429,0.9166666666666667,0.20163611734219447,0.04,0.4,0.9,0.1,t11,bootstrap-phreshphish
"lr_to_s3: band [0.5,0.55]",0.9310344827586207,0.9911111111111112,0.21454468470126337,0.0,0.0,1.0,,t11,bootstrap-phreshphish
"lr_to_s3: band [0.5,0.6]",0.9122807017543859,0.9888888888888889,0.20838591535395856,0.006666666666666666,0.06666666666666667,0.9833333333333333,0.016666666666666666,t11,bootstrap-phreshphish
"lr_to_s3: band [0.5,0.65]",0.9122807017543859,0.9888888888888889,0.20838591535395856,0.013333333333333332,0.13333333333333333,0.9666666666666667,0.03333333333333333,t11,bootstrap-phreshphish
"lr_to_s3: band [0.5,0.7]",0.9122807017543859,0.9888888888888889,0.20838591535395856,0.013333333333333332,0.13333333333333333,0.9666666666666667,0.03333333333333333,t11,bootstrap-phreshphish
"lr_to_s3: band [0.5,0.75]",0.9122807017543859,0.9888888888888889,0.20838591535395856,0.013333333333333332,0.13333333333333333,0.9666666666666667,0.03333333333333333,t11,bootstrap-phreshphish
"lr_to_s3: band [0.5,0.8]",0.9122807017543859,0.9888888888888889,0.20838591535395856,0.013333333333333332,0.13333333333333333,0.9666666666666667,0.03333333333333333,t11,bootstrap-phreshphish
"lr_to_s3: band [0.5,0.85]",0.9122807017543859,0.9888888888888889,0.20838591535395856,0.013333333333333332,0.13333333333333333,0.9666666666666667,0.03333333333333333,t11,bootstrap-phreshphish
"lr_to_s3: band [0.5,0.9]",0.9122807017543859,0.9888888888888889,0.20838591535395856,0.013333333333333332,0.13333333333333333,0.9666666666666667,0.03333333333333333,t11,bootstrap-phreshphish
"lr_to_s3: band [0.5,0.95]",0.8928571428571429,0.9644444444444445,0.20163611734219447,0.02,0.2,0.95,0.05,t11,bootstrap-phreshphish
S0 alone (direct),0.0,0.9296875,,0.014917875,0.2776321614310291,1.0,,,t11b,bootstrap-putra
S1 alone (direct),0.7692307692307693,1.0,1.0,0.05876850000000001,4.286692328184472,,1.0,,t11b,bootstrap-putra
S2 alone (direct),0.7692307692307693,0.984375,1.0,0.062750625,4.791120033813058,,,1.0,t11b,bootstrap-putra
"cascade S0->S1->S2 band [0.05,0.5] (direct)",0.7692307692307693,0.984375,1.0,0.1089836015625,7.259329508635346,,0.4375,0.5625,t11b,bootstrap-putra
S0 alone (lr),0.8813559322033898,0.9311111111111111,0.08044204306876378,0.014959699999999996,0.2575600055167645,1.0,,t11b,bootstrap-phreshphish
S1 alone (lr),0.9310344827586207,0.9911111111111112,0.2149335597888175,0.08023960000000004,4.2760897194821155,,1.0,t11b,bootstrap-phreshphish
"cascade S0->S1 band [0.2,0.7] (lr)",0.9333333333333333,0.9772222222222222,0.12389755650558452,0.05240484666666668,2.2530685412750846,0.5333333333333333,0.4666666666666667,t11b,bootstrap-phreshphish
S0 alone (direct),0.0,0.9296875,,0.014917875,0.2776321614310291,1.0,,,t11b,bootstrap-putra
S1 alone (direct),0.7692307692307693,1.0,1.0,0.05876850000000001,4.286692328184472,,1.0,,t11b,bootstrap-putra
S2 alone (direct),0.7692307692307693,0.984375,1.0,0.062750625,4.791120033813058,,,1.0,t11b,bootstrap-putra
"cascade S0->S1->S2 band [0.05,0.5] (direct)",0.7692307692307693,0.984375,1.0,0.1089836015625,7.259329508635346,,0.4375,0.5625,t11b,bootstrap-putra
