variant,n,tokens_mean,tokens_p50,tokens_p95,tokens_max,truncated_share,seconds_mean,seconds_p50,seconds_p95,seconds_max,timeouts
S0,50,36.74,29,104,108,,0.0003950925183016807,2.0792009308934212e-05,3.22920095641166e-05,0.018731749994913116,0
S1,50,815.2,1027,1038,1049,0.6,0.01858881090040086,0.01024449999385979,0.061441625002771616,0.14058033299806993,0
S1b-100,50,129.68,126,165,212,1.0,0.019971753399586303,0.00966691700159572,0.06725712500337977,0.16855079199012835,0
S1b-250,50,283.14,278,314,362,1.0,0.017456812439195345,0.009426207994692959,0.057885959002305754,0.16391358299006242,0
S1b-500,50,500.48,527,560,611,0.72,0.0174993934793747,0.008812749991193414,0.05834945899550803,0.13979283400112763,0
S1b-1000,50,815.2,1027,1038,1049,0.6,0.01939134911983274,0.009451999998418614,0.06006175000220537,0.1751807909895433,0
S1b-2000,50,1214.34,1245,2037,2039,0.32,0.020152239120798186,0.00924820800719317,0.07390591599687468,0.13504395900235977,0
S2,49,929.8367346938776,1043,1356,1563,0.6122448979591837,0.021591664123234853,0.011880999998538755,0.0817672919947654,0.1853125000052387,0
S3,50,5250.28,2826,28563,30440,,0.14426188416051444,0.008701790997292846,0.5277710829977877,3.5714718750095926,0
