site_id,label,chars,seconds,error
640a18495e12d83aeab239ca,1,575,1.5319656250067055,
640a18355e12d83aeab239c8,1,230,0.15253808299894445,
640a13a85e12d83aeab239c3,1,476,0.30484399999841116,
640a28e15e12d83aeab23a5a,1,286,0.16167537501314655,
642eb18a61bb656e3eb3ee3a,0,0,0.06540979200508446,
640a0a61027570de074243d4,1,433,0.20006616700266022,
640a250b5e12d83aeab23a32,1,1582,0.41286287500406615,
640a02ad027570de074243a1,1,0,0.06812433300365228,
642eb2f161bb656e3eb3ee41,0,388,0.16645433400117327,
642eaea561bb656e3eb3ee2c,0,0,0.059875458988244645,
642eaa7c61bb656e3eb3ee14,0,37,0.13643708400195464,
642eb10861bb656e3eb3ee38,0,685,0.2209232499881182,
642eaecb61bb656e3eb3ee2e,0,33,0.14728220899996813,
642ea80461bb656e3eb3ee0d,0,1440,0.5548739580117399,
642eadc061bb656e3eb3ee28,0,250,0.12342116699437611,
642eabbe61bb656e3eb3ee1d,0,134,0.11740591601119377,
640a279c5e12d83aeab23a3d,1,372,0.24971945799188688,
642eb04061bb656e3eb3ee34,0,0,0.0619865829939954,
640a22d85e12d83aeab23a00,1,0,0.06649383400508668,
640a080a027570de074243c7,1,649,0.25679258299351204,
