site_id,label,variant,ok,cached,model,request_id,http_status,input_tokens,output_tokens,cost_usd,latency_ms,error,q_direct,q_collects_credentials,q_form_offsite,q_brand_domain_mismatch,q_brand_in_url_not_domain,q_ip_or_freehost,q_urgency,q_reward_bait,q_obfuscated_scripts,q_external_favicon,q_shell_page,q_missing_legitimacy,q_language_brand_mismatch,q_suspicious_url_shape,q_cloned_assets
640a02ad027570de074243a1,1,S1,True,False,jev-1.13.0,req_01a1069bc4e17c738a6668400b54473d,200,1882,302,7.904400000000001e-05,288.0042920005508,,0.73,0.99,0.16,0.97,0.96,0.96,0.04,0.02,0.99,0.01,0.27,0.91,0.44,0.58,0.41
640a080a027570de074243c7,1,S1,True,False,jev-1.13.0,req_01a1069bc89e7704a0871819976621b4,200,2017,302,8.4714e-05,248.9438750053523,,0.91,0.99,0.28,0.97,0.19,0.88,0.19,0.01,0.04,0.03,0.21,0.78,0.15,0.77,0.08
640a0a61027570de074243d4,1,S1,True,False,jev-1.13.0,req_01a1069bc4cc7af08b105abb85f616e1,200,1653,302,6.9426e-05,266.9902499910677,,0.78,0.02,0.03,0.98,0.97,0.62,0.19,0.04,0.04,0.44,0.1,0.04,0.58,0.44,0.82
640a13a85e12d83aeab239c3,1,S1,True,False,jev-1.13.0,req_01a1069bc3c8708c8320be31b7d0dbb1,200,1204,302,5.056800000000001e-05,332.61983400734607,,0.93,0.99,0.09,0.98,0.17,0.08,0.21,0.02,0.98,0.05,0.65,0.13,0.26,0.24,0.13
640a18355e12d83aeab239c8,1,S1,True,False,jev-1.13.0,req_01a1069bc3c773989739cb8c39a0062f,200,1390,302,5.838e-05,369.2572919972008,,0.89,0.03,0.03,0.96,0.08,0.38,0.16,0.13,0.94,0.05,0.66,0.16,0.75,0.84,0.14
640a18495e12d83aeab239ca,1,S1,True,False,jev-1.13.0,req_01a1069bc3c2712d9ee689ba7e8071d5,200,2034,302,8.542800000000001e-05,347.3642919998383,,0.84,0.83,0.83,0.98,0.93,0.08,0.03,0.03,0.05,0.05,0.07,0.76,0.12,0.73,0.89
640a22d85e12d83aeab23a00,1,S1,True,False,jev-1.13.0,req_01a1069bc88075c8bfa7f204f7e86124,200,2257,302,9.479400000000001e-05,303.0987910024123,,0.36,0.02,0.04,0.98,0.76,0.1,0.02,0.02,0.04,0.02,0.03,0.1,0.18,0.88,0.71
640a250b5e12d83aeab23a32,1,S1,True,False,jev-1.13.0,req_01a1069bc55e739d94cecac5e5d97234,200,1796,302,7.5432e-05,396.79850000538863,,0.38,0.99,0.08,0.97,0.72,0.21,0.53,0.32,0.94,0.06,0.06,0.07,0.06,0.43,0.77
640a279c5e12d83aeab23a3d,1,S1,True,False,jev-1.13.0,req_01a1069bc7a97967870af6a312973be6,200,2182,302,9.1644e-05,232.80979099217802,,0.27,0.02,0.03,0.97,0.46,0.13,0.05,0.04,0.97,0.01,0.06,0.76,0.22,0.47,0.69
640a28e15e12d83aeab23a5a,1,S1,True,False,jev-1.13.0,req_01a1069bc3ba708cbbfd9e2b77d402e4,200,1313,302,5.5146000000000004e-05,321.31229199876543,,0.95,1.0,0.08,0.98,0.97,0.09,0.04,0.02,0.8,0.01,0.75,0.06,0.13,0.55,0.77
642ea80461bb656e3eb3ee0d,0,S1,True,False,jev-1.13.0,req_01a1069bc6ef7ddb9cf63e74c51b09ff,200,2052,302,8.618400000000001e-05,458.9249999989988,,0.06,0.04,0.11,0.15,0.06,0.02,0.12,0.02,0.97,0.05,0.02,0.67,0.05,0.06,0.31
642eaa7c61bb656e3eb3ee14,0,S1,True,False,jev-1.13.0,req_01a1069bc60e74479d060651bfefdfc8,200,2097,302,8.807400000000001e-05,275.97420899837743,,0.04,0.03,0.05,0.73,0.8,0.07,0.03,0.03,0.99,0.01,0.03,0.72,0.08,0.12,0.43
642eabbe61bb656e3eb3ee1d,0,S1,True,False,jev-1.13.0,req_01a1069bc770779b8f276d50affb143d,200,1410,302,5.9220000000000006e-05,280.0181250058813,,0.52,0.99,0.18,0.58,0.2,0.03,0.02,0.01,0.04,0.05,0.85,0.23,0.17,0.5,0.34
642eadc061bb656e3eb3ee28,0,S1,True,False,jev-1.13.0,req_01a1069bc77f7fbcb0207cde6afc1629,200,1376,302,5.7792e-05,351.76433400192764,,0.03,0.02,0.03,0.8,0.11,0.08,0.01,0.01,0.99,0.04,0.01,0.57,0.17,0.06,0.46
642eaea561bb656e3eb3ee2c,0,S1,True,False,jev-1.13.0,req_01a1069bc5d676e0adc4f3d38c6ee6e0,200,2146,302,9.013200000000001e-05,280.1625419961056,,0.09,0.98,0.18,0.11,0.09,0.07,0.04,0.07,0.97,0.06,0.07,0.57,0.09,0.06,0.64
642eaecb61bb656e3eb3ee2e,0,S1,True,False,jev-1.13.0,req_01a1069bc6b97ea296a07b27ad3b937e,200,1957,302,8.2194e-05,255.1954999944428,,0.05,0.02,0.03,0.48,0.06,0.04,0.5,0.12,0.11,0.01,0.01,0.94,0.15,0.04,0.41
642eb04061bb656e3eb3ee34,0,S1,True,False,jev-1.13.0,req_01a1069bc8807fa7b4c51f8c37bc6e6f,200,2123,302,8.9166e-05,251.75812499946915,,0.17,0.99,0.09,0.09,0.12,0.22,0.05,0.05,0.99,0.03,0.22,0.66,0.1,0.12,0.7
642eb10861bb656e3eb3ee38,0,S1,True,False,jev-1.13.0,req_01a1069bc65e72ef95ff8e4adec72797,200,2157,302,9.059400000000001e-05,271.8652920011664,,0.09,0.76,0.18,0.11,0.1,0.03,0.1,0.08,0.95,0.03,0.45,0.52,0.13,0.07,0.46
642eb18a61bb656e3eb3ee3a,0,S1,True,False,jev-1.13.0,req_01a1069bc4ba75d398a9c20fb0b1dcac,200,2154,302,9.0468e-05,264.0472079947358,,0.11,0.04,0.09,0.24,0.14,0.03,0.06,0.06,0.18,0.02,0.1,0.66,0.1,0.07,0.54
642eb2f161bb656e3eb3ee41,0,S1,True,False,jev-1.13.0,req_01a1069bc5b870d08f97b68d0df0ec1a,200,1396,302,5.8632000000000004e-05,244.11891600175295,,0.03,0.02,0.03,0.25,0.09,0.07,0.06,0.01,0.1,0.06,0.07,0.09,0.08,0.23,0.12
