site_id,label,variant,ok,cached,model,request_id,http_status,input_tokens,output_tokens,cost_usd,latency_ms,error,q_direct,q_direct_score,q_direct_score__p0,q_direct_score__p1,q_direct_score__p2,q_direct_score__p3,q_direct_score__p4,q_direct_score__confidence,q_direct_choice,q_direct_choice__p_benign,q_direct_choice__p_phishing,q_direct_choice__confidence
640a02ad027570de074243a1,1,S1,True,False,jev-1.13.0,req_01a1069bcc32704c94ae9c08dc82f780,200,1557,70,6.5394e-05,275.03470800002106,,0.67,2.78,0.06,0.1,0.11,0.46,0.27,0.37,phishing,0.29,0.71,0.43
640a080a027570de074243c7,1,S1,True,False,jev-1.13.0,req_01a1069bcf417c3ba8e5d26dcbc53db7,200,1692,70,7.106400000000001e-05,244.67841698788106,,0.92,3.76,0.02,0.01,0.01,0.12,0.84,0.8,phishing,0.02,0.98,0.96
640a0a61027570de074243d4,1,S1,True,False,jev-1.13.0,req_01a1069bcc1f7891a001f29aa0c41e91,200,1328,70,5.5776e-05,264.29945799463894,,0.82,2.98,0.14,0.05,0.04,0.24,0.53,0.15,phishing,0.19,0.81,0.62
640a13a85e12d83aeab239c3,1,S1,True,False,jev-1.13.0,req_01a1069bcb2b7a4ea8f3b487974ad4e6,200,879,70,3.6918e-05,324.0356669994071,,0.94,3.89,0.01,0.0,0.0,0.07,0.92,0.91,phishing,0.01,0.99,0.98
640a18355e12d83aeab239c8,1,S1,True,False,jev-1.13.0,req_01a1069bcb3070df94fa47e2cd5f5a48,200,1065,70,4.473000000000001e-05,342.37770800245926,,0.9,3.58,0.03,0.01,0.02,0.22,0.72,0.65,phishing,0.01,0.99,0.98
640a18495e12d83aeab239ca,1,S1,True,False,jev-1.13.0,req_01a1069bcb1b7c90b09bc4bd424cd411,200,1709,70,7.1778e-05,307.48608299472835,,0.84,3.11,0.02,0.06,0.09,0.45,0.38,0.45,phishing,0.06,0.94,0.87
640a22d85e12d83aeab23a00,1,S1,True,False,jev-1.13.0,req_01a1069bcf447c5fa856e57e8d8450b6,200,1932,70,8.114400000000001e-05,263.25937498768326,,0.34,1.25,0.43,0.22,0.09,0.18,0.08,0.0,phishing,0.42,0.58,0.17
640a250b5e12d83aeab23a32,1,S1,True,False,jev-1.13.0,req_01a1069bcc2b74c08a1917fe3899f278,200,1471,70,6.1782e-05,277.8085839963751,,0.5,2.65,0.2,0.06,0.04,0.28,0.42,0.0,phishing,0.39,0.61,0.22
640a279c5e12d83aeab23a3d,1,S1,True,False,jev-1.13.0,req_01a1069bcf407304bb08933e0f1da565,200,1857,70,7.7994e-05,310.61254200176336,,0.28,0.91,0.58,0.19,0.05,0.11,0.07,0.24,phishing,0.45,0.55,0.1
640a28e15e12d83aeab23a5a,1,S1,True,False,jev-1.13.0,req_01a1069bcb29724b8a6f575d97bf881b,200,988,70,4.1496000000000004e-05,317.3835420020623,,0.94,3.92,0.0,0.0,0.0,0.07,0.93,0.93,phishing,0.0,1.0,0.99
642ea80461bb656e3eb3ee0d,0,S1,True,False,jev-1.13.0,req_01a1069bce3c782084830dc937bc85f0,200,1727,69,7.253400000000001e-05,266.07412500015926,,0.06,0.03,0.98,0.02,0.0,0.0,0.0,0.98,benign,1.0,0.0,0.99
642eaa7c61bb656e3eb3ee14,0,S1,True,False,jev-1.13.0,req_01a1069bcd40742ab2d11c5bbacde2d8,200,1772,69,7.4424e-05,255.2644999959739,,0.04,0.01,0.99,0.01,0.0,0.0,0.0,0.99,benign,1.0,0.0,1.0
642eabbe61bb656e3eb3ee1d,0,S1,True,False,jev-1.13.0,req_01a1069bce3f7349a84f02e6446230e6,200,1085,69,4.557e-05,242.65212500176858,,0.54,1.78,0.25,0.23,0.14,0.27999999999999997,0.1,0.0,benign,0.7,0.3,0.41
642eadc061bb656e3eb3ee28,0,S1,True,False,jev-1.13.0,req_01a1069bce3e7ceda11c824e1c7b41df,200,1051,69,4.4142000000000005e-05,241.7905839974992,,0.03,0.0,1.0,0.0,0.0,0.0,0.0,1.0,benign,1.0,0.0,1.0
642eaea561bb656e3eb3ee2c,0,S1,True,False,jev-1.13.0,req_01a1069bcd417c0cb1c13e9f6c0b9055,200,1821,69,7.6482e-05,284.45720799209084,,0.08,0.22,0.81,0.16,0.02,0.0,0.0,0.82,benign,0.98,0.02,0.96
642eaecb61bb656e3eb3ee2e,0,S1,True,False,jev-1.13.0,req_01a1069bce1771e38de76953d0b043e6,200,1632,69,6.854400000000001e-05,255.00558299245313,,0.05,0.07,0.94,0.06,0.0,0.0,0.0,0.94,benign,1.0,0.0,0.99
642eb04061bb656e3eb3ee34,0,S1,True,False,jev-1.13.0,req_01a1069bcf3772298726685a644efea6,200,1798,69,7.5516e-05,252.6597079995554,,0.15,0.51,0.6,0.31,0.06,0.02,0.01,0.57,benign,0.91,0.09,0.82
642eb10861bb656e3eb3ee38,0,S1,True,False,jev-1.13.0,req_01a1069bcd4170ed8a5838b22901a53e,200,1832,69,7.6944e-05,251.90191699948628,,0.09,0.21,0.88,0.08,0.02,0.01,0.01,0.83,benign,0.95,0.05,0.91
642eb18a61bb656e3eb3ee3a,0,S1,True,False,jev-1.13.0,req_01a1069bcc17731598b63980eb2da7d3,200,1829,69,7.6818e-05,250.4878329928033,,0.11,0.3,0.79,0.15,0.03,0.02,0.01,0.75,benign,0.95,0.05,0.91
642eb2f161bb656e3eb3ee41,0,S1,True,False,jev-1.13.0,req_01a1069bcd23744485b6629fcbdf78c3,200,1071,69,4.4982e-05,262.8164580091834,,0.03,0.01,1.0,0.0,0.0,0.0,0.0,1.0,benign,1.0,0.0,1.0
