site_id,label,variant,ok,cached,model,request_id,http_status,input_tokens,output_tokens,cost_usd,latency_ms,error,q_direct
pp_27d47d452d74635a,1,S1,True,False,jev-1.13.0,req_01a1069a9961795f8eb24ea002bdc698,200,886,21,3.7212e-05,263.5161250072997,,0.9
pp_32483e1e5bdeb477,1,S1,True,False,jev-1.13.0,req_01a1069a9b347b7ab14f937f718ed23b,200,788,21,3.3096e-05,247.15333300991915,,0.03
pp_3af77611336bac6e,0,S1,True,False,jev-1.13.0,req_01a1069a9d0b78f683e1718007e75d71,200,1590,21,6.678000000000001e-05,247.9215000057593,,0.06
pp_3e336949686cbf31,1,S1,True,False,jev-1.13.0,req_01a1069a9a6a7e1daebc595d28efe02f,200,1110,21,4.6620000000000004e-05,248.22154200228397,,0.13
pp_4a114b3b67335a68,1,S1,True,False,jev-1.13.0,req_01a1069a9a6476f58dcff53ba90b0276,200,1371,21,5.7582e-05,239.85616699792445,,0.23
pp_4e3a06c7c3ad58f5,0,S1,True,False,jev-1.13.0,req_01a1069a9965710781bf6fe036b892e6,200,1641,21,6.892200000000002e-05,249.26054099341854,,0.08
pp_59393005ba2f3573,1,S1,True,False,jev-1.13.0,req_01a1069a983575bbb6ba4cc479d50fd9,200,1667,21,7.001400000000001e-05,410.7632919913158,,0.69
pp_70897ced3bece48f,0,S1,True,False,jev-1.13.0,req_01a1069a9b5b765a9517422ba5be0705,200,1611,21,6.7662e-05,242.05770800472237,,0.05
pp_7a863a609d6179ba,1,S1,True,False,jev-1.13.0,req_01a1069a9c4a7bf99b646e1cf7c32d19,200,856,21,3.5952000000000004e-05,234.34854100923985,,0.31
pp_7ac7360a7ebacb09,1,S1,True,False,jev-1.13.0,req_01a1069a9c1c75c19cce9ea12f6c88f2,200,597,21,2.5074e-05,225.1836670038756,,0.04
pp_8e0a6ee8b9c9b3c9,0,S1,True,False,jev-1.13.0,req_01a1069a99707d7da4fe9d068cc3a361,200,1681,21,7.0602e-05,248.6048330029007,,0.09
pp_9826fdac38f38345,1,S1,True,False,jev-1.13.0,req_01a1069a9b497066b64bafdaffc53200,200,798,21,3.3516e-05,237.7493750100257,,0.05
pp_a90b8adda869df3c,0,S1,True,False,jev-1.13.0,req_01a1069a99407bcfb5cef924d5e0e21f,200,1555,21,6.531e-05,236.89875000854954,,0.06
pp_ba70ace0bf382948,1,S1,True,False,jev-1.13.0,req_01a1069a9c3c7409935ff51b62d65806,200,1524,21,6.400800000000001e-05,271.29829199111555,,0.09
pp_baef1f03a5d9074b,1,S1,True,False,jev-1.13.0,req_01a1069a9d01739cadbf3a23e5b96905,200,1534,21,6.4428e-05,271.8146660045022,,0.15
pp_bbdd318fe68867e1,1,S1,True,False,jev-1.13.0,req_01a1069a9a3d72abb4ba8ce5599da9d9,200,905,21,3.8010000000000004e-05,256.3614160026191,,0.38
pp_bda46312ef2c172c,0,S1,True,False,jev-1.13.0,req_01a1069a98417e4cb1538a467b559751,200,1573,21,6.6066e-05,395.2655000030063,,0.13
pp_c13edf26a4ba9f61,1,S1,True,False,jev-1.13.0,req_01a1069a98377c3bb577fa2d7528e7ee,200,1612,21,6.770400000000001e-05,397.31729100458324,,0.26
pp_c50fc73e9734adc2,0,S1,True,False,jev-1.13.0,req_01a1069a98357a3884c18810be57d7db,200,1606,21,6.7452e-05,368.62208299862687,,0.07
pp_e18c7ee830a3864e,1,S1,True,False,jev-1.13.0,req_01a1069a9bd47c6999bac8d75be795d0,200,843,21,3.5406e-05,687.0292919920757,,0.13
