question,auroc,mean_phish,mean_benign,p10,p50,p90,share_gt_0.5,share_in_0.3_0.7
q_ip_or_freehost,0.961,0.4749999999999999,0.0384,0.02,0.06,0.96,0.21,0.04
q_suspicious_url_shape,0.9476,0.5014,0.11560000000000001,0.06,0.195,0.7110000000000001,0.26,0.24
q_language_brand_mismatch,0.9309999999999999,0.33340000000000003,0.0768,0.05,0.11,0.6010000000000001,0.11,0.19
q_direct,0.9019999999999999,0.36760000000000004,0.08120000000000001,0.04,0.1,0.5760000000000014,0.16,0.16
q_brand_in_url_not_domain,0.8121999999999999,0.4512,0.17400000000000002,0.07,0.155,0.85,0.24,0.2
q_shell_page,0.8058,0.2948,0.08259999999999998,0.02,0.06,0.7350000000000004,0.15,0.09
q_brand_domain_mismatch,0.7759999999999999,0.7152,0.35640000000000005,0.09,0.53,0.96,0.51,0.18
q_urgency,0.7482000000000001,0.1388,0.0388,0.02,0.03,0.17500000000000043,0.04,0.05
q_missing_legitimacy,0.7066000000000001,0.7882000000000001,0.7238,0.51,0.785,0.96,0.91,0.28
q_external_favicon,0.672,0.3332,0.1562,0.02,0.06,0.8710000000000001,0.2,0.11
q_cloned_assets,0.6188,0.5302,0.463,0.179,0.52,0.73,0.53,0.65
q_reward_bait,0.6152,0.0738,0.0238,0.01,0.02,0.08200000000000017,0.01,0.02
q_collects_credentials,0.44059999999999994,0.313,0.2476,0.02,0.03,0.99,0.27,0.0
q_form_offsite,0.376,0.1484,0.16299999999999998,0.03,0.06,0.3640000000000003,0.09,0.03
q_obfuscated_scripts,0.3206,0.3464,0.5554,0.03900000000000001,0.125,0.97,0.44,0.01
