site_id,label,dataset,variant,split,split_source,ok,cached,model,request_id,http_status,input_tokens,output_tokens,cost_usd,latency_ms,error,q_direct,q_collects_credentials,q_form_offsite,q_brand_domain_mismatch,q_brand_in_url_not_domain,q_ip_or_freehost,q_urgency,q_reward_bait,q_obfuscated_scripts,q_external_favicon,q_shell_page,q_missing_legitimacy,q_language_brand_mismatch,q_suspicious_url_shape,q_cloned_assets
pp_00c858741eb5b43a,1,bootstrap-phreshphish,S1,train,pseudo,True,False,jev-1.13.0,req_01a106cfcd88720b9781f4aa0b5ef6cf,200,1386,302,5.8212000000000004e-05,385.6775000167545,,0.34,0.03,0.04,0.73,0.09,0.15,0.04,0.03,0.08,0.06,0.43,0.95,0.6,0.83,0.16
pp_011fb6056372bd16,1,bootstrap-phreshphish,S1,train,pseudo,True,False,jev-1.13.0,req_01a106cfcd8e7d639d6d954f0e37952f,200,1253,302,5.262600000000001e-05,416.63591598626226,,0.37,0.02,0.03,0.31,0.21,0.49,0.9,0.02,0.05,0.97,0.14,0.16,0.61,0.6,0.86
pp_03cd4fde802b0031,1,bootstrap-phreshphish,S1,train,pseudo,True,False,jev-1.13.0,req_01a106cfcd94746bb4eccb26d2475569,200,1913,302,8.0346e-05,407.4081660073716,,0.11,0.04,0.08,0.16,0.28,0.23,0.05,0.04,0.04,0.05,0.04,0.23,0.36,0.16,0.55
pp_0414663b4762af45,1,bootstrap-phreshphish,S1,train,pseudo,True,False,jev-1.13.0,req_01a106cfcd917bc68d1f63946e1a7a90,200,2032,302,8.534400000000002e-05,386.4075409946963,,0.51,0.02,0.03,0.97,0.25,0.13,0.32,0.15,0.96,0.16,0.13,0.9,0.43,0.28,0.16
pp_049ee84e7802ab1c,0,bootstrap-phreshphish,S1,train,pseudo,True,False,jev-1.13.0,req_01a106cfce957558a7513456bc816130,200,2061,302,8.656200000000002e-05,254.72558301407844,,0.07,0.99,0.06,0.42,0.31,0.03,0.03,0.03,0.05,0.03,0.05,0.58,0.07,0.1,0.49
pp_06da2d32c51373ff,1,bootstrap-phreshphish,S1,train,pseudo,True,False,jev-1.13.0,req_01a106cfce9d763b8ceb3fa535b1efc4,200,1206,302,5.0652e-05,268.6524580058176,,0.18,0.02,0.03,0.13,0.96,0.25,0.02,0.02,0.05,0.06,0.21,0.96,0.33,0.82,0.14
pp_11749b0275bfa2ec,1,bootstrap-phreshphish,S1,train,pseudo,True,False,jev-1.13.0,req_01a106cfcea67151adb43d344541085d,200,2021,302,8.4882e-05,258.06037499569356,,0.1,0.04,0.09,0.95,0.17,0.16,0.14,0.12,0.05,0.04,0.03,0.27,0.3,0.48,0.73
pp_12d775642350c1be,0,bootstrap-phreshphish,S1,train,pseudo,True,False,jev-1.13.0,req_01a106cfceb8778b82ca0d3450de7b29,200,2149,302,9.025800000000002e-05,267.1839169925079,,0.13,0.71,0.4,0.18,0.85,0.02,0.07,0.06,0.12,0.21,0.4,0.69,0.16,0.24,0.47
pp_1423565ad73dc5fe,1,bootstrap-phreshphish,S1,train,pseudo,True,False,jev-1.13.0,req_01a106cfcf947f22aac5312042312479,200,2126,302,8.9292e-05,257.28337501641363,,0.72,0.98,0.07,0.95,0.85,0.24,0.72,0.93,0.97,0.02,0.59,0.93,0.79,0.61,0.74
pp_18c573fb0382616a,1,bootstrap-phreshphish,S1,train,pseudo,True,False,jev-1.13.0,req_01a106cfcf9d7f83a0d8a98a55665d4a,200,1379,302,5.7918000000000003e-05,315.1122500130441,,0.12,0.02,0.03,0.83,0.37,0.22,0.17,0.02,0.04,0.14,0.12,0.95,0.7,0.67,0.14
pp_1a0a79633551a824,1,bootstrap-phreshphish,S1,train,pseudo,True,False,jev-1.13.0,req_01a106cfcfab766db7390997135fde96,200,2036,302,8.5512e-05,287.18129100161605,,0.89,0.99,0.96,0.97,0.62,0.07,0.04,0.02,0.07,0.06,0.32,0.77,0.09,0.92,0.89
pp_24662137ad452272,0,bootstrap-phreshphish,S1,train,pseudo,True,False,jev-1.13.0,req_01a106cfcfc6761fa0c3b7ae92505bb3,200,2104,302,8.8368e-05,256.7756669886876,,0.06,0.99,0.06,0.27,0.06,0.04,0.1,0.06,0.92,0.02,0.04,0.55,0.11,0.07,0.5
pp_27d47d452d74635a,1,bootstrap-phreshphish,S1,train,pseudo,True,False,jev-1.13.0,req_01a106cfd0937d6dae0f2eafa8ea78f9,200,1383,302,5.8086000000000006e-05,300.0983750098385,,0.91,0.99,0.99,0.98,0.72,0.96,0.59,0.45,0.03,0.95,0.59,0.51,0.71,0.51,0.82
pp_2bd3f318bb6ac403,1,bootstrap-phreshphish,S1,train,pseudo,True,False,jev-1.13.0,req_01a106cfd0d57f649e5bc181749b8df6,200,2176,302,9.139200000000001e-05,288.1252079969272,,0.54,0.96,0.14,0.16,0.24,0.96,0.04,0.02,0.21,0.06,0.88,0.89,0.19,0.3,0.68
pp_2c1f62d54fd23706,0,bootstrap-phreshphish,S1,train,pseudo,True,False,jev-1.13.0,req_01a106cfd0d07f6fb37fcdb63d945936,200,2057,302,8.6394e-05,249.45695800124668,,0.21,0.83,0.36,0.11,0.08,0.06,0.03,0.04,0.98,0.02,0.04,0.77,0.12,0.11,0.53
pp_2d88d92204512cff,1,bootstrap-phreshphish,S1,train,pseudo,True,False,jev-1.13.0,req_01a106cfd0de70f5b1d8afb47cb25f1b,200,1360,302,5.712e-05,247.0639169914648,,0.24,0.02,0.03,0.94,0.92,0.97,0.02,0.02,0.04,0.85,0.5,0.94,0.22,0.25,0.57
pp_2ddde4f7bc617530,0,bootstrap-phreshphish,S1,train,pseudo,True,False,jev-1.13.0,req_01a106cfd1c871a6aad2b453dfe334c0,200,2113,302,8.874600000000001e-05,257.4345830071252,,0.06,0.04,0.1,0.4,0.06,0.02,0.02,0.02,0.81,0.02,0.04,0.63,0.05,0.27,0.23
pp_2f0375a954c96332,0,bootstrap-phreshphish,S1,train,pseudo,True,False,jev-1.13.0,req_01a106cfd1d274b79155195f2d6c27b6,200,2073,302,8.7066e-05,265.5009590089321,,0.03,0.04,0.09,0.22,0.1,0.04,0.04,0.02,0.99,0.04,0.02,0.76,0.09,0.1,0.45
pp_309824e86fb51dbf,0,bootstrap-phreshphish,S1,train,pseudo,True,False,jev-1.13.0,req_01a106cfd1d477c79a34ffd0e788cbb2,200,2060,302,8.652e-05,244.1437079978641,,0.06,0.03,0.07,0.09,0.08,0.03,0.04,0.03,0.13,0.08,0.03,0.72,0.09,0.19,0.4
pp_319b30373bca007e,0,bootstrap-phreshphish,S1,train,pseudo,True,False,jev-1.13.0,req_01a106cfd1d4776c84203544ac912d27,200,2022,302,8.4924e-05,231.91662499448285,,0.04,0.04,0.03,0.8,0.36,0.04,0.02,0.01,0.1,0.01,0.02,0.75,0.07,0.05,0.67
pp_33c2a50bb2cf357f,1,bootstrap-phreshphish,S1,train,pseudo,True,False,jev-1.13.0,req_01a106cfd2d6732e9d8839f529bd6067,200,2043,302,8.580600000000001e-05,249.5605829753913,,0.34,0.98,0.09,0.92,0.49,0.18,0.07,0.4,0.04,0.01,0.07,0.78,0.41,0.43,0.52
pp_372c805080f13613,1,bootstrap-phreshphish,S1,train,pseudo,True,False,jev-1.13.0,req_01a106cfd2d97f88a7c564b52d59c6de,200,1967,302,8.2614e-05,258.4843329968862,,0.13,0.03,0.11,0.91,0.16,0.3,0.22,0.08,0.03,0.04,0.04,0.37,0.2,0.38,0.63
pp_3b45686a9b17c842,0,bootstrap-phreshphish,S1,train,pseudo,True,False,jev-1.13.0,req_01a106cfd2d47203b8b449a94420ef4f,200,2090,302,8.778e-05,272.78504200512543,,0.04,0.02,0.04,0.44,0.13,0.04,0.02,0.02,0.95,0.88,0.02,0.74,0.04,0.04,0.36
pp_3e336949686cbf31,1,bootstrap-phreshphish,S1,train,pseudo,True,False,jev-1.13.0,req_01a106cfd2e0734c985ad9848939397e,200,1607,302,6.7494e-05,256.59029197413474,,0.14,0.02,0.03,0.97,0.78,0.97,0.03,0.02,0.05,0.84,0.02,0.95,0.22,0.41,0.64
pp_400c97406ba520c2,0,bootstrap-phreshphish,S1,train,pseudo,True,False,jev-1.13.0,req_01a106cfd3cd78a2bfe48c57db2bb317,200,2116,302,8.8872e-05,290.3118749964051,,0.15,0.09,0.29,0.14,0.14,0.06,0.11,0.08,0.05,0.02,0.04,0.77,0.22,0.14,0.7
pp_4246ae8c524462ec,1,bootstrap-phreshphish,S1,train,pseudo,True,False,jev-1.13.0,req_01a106cfd3d17a3cab9e29eddb58c31c,200,2144,302,9.0048e-05,255.5595840094611,,0.53,0.02,0.03,0.96,0.96,0.72,0.07,0.04,0.1,0.45,0.28,0.83,0.26,0.93,0.34
pp_44bb2bd4d205ae96,1,bootstrap-phreshphish,S1,train,pseudo,True,False,jev-1.13.0,req_01a106cfd3d37d42974602b3d7213946,200,1314,302,5.5188e-05,243.14804101595655,,0.45,0.03,0.04,0.96,0.1,0.95,0.93,0.03,0.02,0.07,0.08,0.89,0.68,0.55,0.6
pp_499f968a307fdb3e,0,bootstrap-phreshphish,S1,train,pseudo,True,False,jev-1.13.0,req_01a106cfd3f97791ad36606717458f4f,200,2067,302,8.681400000000001e-05,265.4214999929536,,0.07,0.02,0.04,0.77,0.4,0.02,0.03,0.02,0.96,0.03,0.01,0.79,0.06,0.26,0.38
pp_4aa3e609e078b36d,1,bootstrap-phreshphish,S1,train,pseudo,True,False,jev-1.13.0,req_01a106cfd4d67f3c9b5a1008f485718e,200,2127,302,8.933400000000001e-05,253.30333298188634,,0.12,0.02,0.04,0.94,0.48,0.04,0.03,0.02,0.95,0.83,0.05,0.67,0.07,0.23,0.65
pp_4cc5049f77116e40,0,bootstrap-phreshphish,S1,train,pseudo,True,False,jev-1.13.0,req_01a106cfd4d47967a589bb4c3574ee2f,200,2070,302,8.694000000000002e-05,265.17712499480695,,0.04,0.03,0.06,0.07,0.02,0.02,0.02,0.02,0.95,0.05,0.03,0.69,0.04,0.2,0.26
pp_4d782c7cfd5fa806,0,bootstrap-phreshphish,S1,train,pseudo,True,False,jev-1.13.0,req_01a106cfd4ed707eba131f247b3a0c9f,200,1966,302,8.257200000000001e-05,248.1087500054855,,0.03,0.02,0.03,0.67,0.09,0.05,0.03,0.02,0.94,0.05,0.01,0.84,0.06,0.19,0.38
pp_51c23810d83b4126,0,bootstrap-phreshphish,S1,train,pseudo,True,False,jev-1.13.0,req_01a106cfd4e8765185f05506fa63d087,200,1986,302,8.341200000000001e-05,242.86500000744127,,0.04,0.03,0.07,0.28,0.13,0.04,0.03,0.02,0.96,0.68,0.04,0.81,0.05,0.13,0.3
pp_523051108138dba5,1,bootstrap-phreshphish,S1,train,pseudo,True,False,jev-1.13.0,req_01a106cfd5c075aab2d9f113231c939a,200,1501,302,6.3042e-05,235.39291598717682,,0.21,0.99,0.04,0.85,0.36,0.06,0.03,0.01,0.94,0.05,0.89,0.3,0.08,0.16,0.61
pp_52666337a8a905ac,1,bootstrap-phreshphish,S1,train,pseudo,True,False,jev-1.13.0,req_01a106cfd5fd7b6c981b399abb606c0b,200,1018,302,4.2756e-05,274.49300000444055,,0.03,0.02,0.03,0.03,0.08,0.89,0.03,0.01,0.02,0.05,0.02,0.97,0.18,0.5,0.12
pp_535bc21509c5cf05,0,bootstrap-phreshphish,S1,train,pseudo,True,False,jev-1.13.0,req_01a106cfd5fe7c21b36696dc42d01e03,200,2167,302,9.1014e-05,268.0047499889042,,0.05,0.97,0.1,0.17,0.07,0.03,0.02,0.02,0.21,0.06,0.05,0.69,0.04,0.12,0.33
pp_54d51c98c1bb9551,1,bootstrap-phreshphish,S1,train,pseudo,True,False,jev-1.13.0,req_01a106cfd6047340b669f47e9fa56ce7,200,2174,302,9.1308e-05,269.0537500020582,,0.1,0.04,0.08,0.44,0.41,0.93,0.03,0.03,0.99,0.88,0.11,0.86,0.1,0.24,0.47
pp_57319b90bb1c9889,0,bootstrap-phreshphish,S1,train,pseudo,True,False,jev-1.13.0,req_01a106cfd6ea7c4299e0a5aa8b9b5df7,200,1576,302,6.6192e-05,336.71383300679736,,0.07,0.02,0.03,0.32,0.1,0.06,0.02,0.02,0.05,0.02,0.04,0.33,0.08,0.14,0.72
pp_5822c0e3d16bffc3,0,bootstrap-phreshphish,S1,train,pseudo,True,False,jev-1.13.0,req_01a106cfd6e9774a878d498671d627bd,200,2014,302,8.458800000000001e-05,237.12150001665577,,0.07,0.03,0.06,0.37,0.07,0.03,0.02,0.02,0.09,0.03,0.03,0.81,0.07,0.12,0.39
pp_5b76979fe25efd84,0,bootstrap-phreshphish,S1,train,pseudo,True,False,jev-1.13.0,req_01a106cfd6ef7d8089ad85521f922194,200,2078,302,8.727600000000001e-05,269.8343329830095,,0.05,0.03,0.03,0.11,0.07,0.02,0.03,0.02,0.11,0.02,0.05,0.66,0.05,0.26,0.53
pp_6600e60f7451d4c8,0,bootstrap-phreshphish,S1,train,pseudo,True,False,jev-1.13.0,req_01a106cfd6ed75d18f112d3a1bf72e10,200,2040,302,8.568e-05,277.21324999583885,,0.04,0.03,0.05,0.29,0.1,0.03,0.01,0.01,0.96,0.02,0.02,0.72,0.05,0.04,0.52
pp_6604d353756d3748,0,bootstrap-phreshphish,S1,train,pseudo,True,False,jev-1.13.0,req_01a106cfd7dc7c35a973d03ccdf8a2ea,200,2099,302,8.8158e-05,261.69237500289455,,0.09,0.03,0.23,0.71,0.6,0.11,0.02,0.02,0.05,0.41,0.03,0.8,0.06,0.09,0.74
pp_677bb8ea953db140,1,bootstrap-phreshphish,S1,train,pseudo,True,False,jev-1.13.0,req_01a106cfd7f5796cba32a63d7b69e492,200,1495,302,6.279e-05,292.04412500257604,,0.37,0.98,0.1,0.1,0.3,0.97,0.03,0.02,0.04,0.83,0.84,0.91,0.43,0.12,0.6
pp_67aa8f019e75e4e3,1,bootstrap-phreshphish,S1,train,pseudo,True,False,jev-1.13.0,req_01a106cfd80a72d3ace2330ab26af38f,200,2148,302,9.0216e-05,245.42287501390092,,0.23,0.04,0.08,0.8,0.59,0.96,0.02,0.02,0.99,0.87,0.12,0.92,0.11,0.27,0.5
pp_67c5499d29de60a2,1,bootstrap-phreshphish,S1,train,pseudo,True,False,jev-1.13.0,req_01a106cfd81378cda0886d5879e0bdb6,200,1713,302,7.194599999999999e-05,271.84895900427364,,0.93,0.99,0.08,0.98,0.25,0.96,0.37,0.02,0.96,0.05,0.64,0.21,0.14,0.71,0.89
pp_6a56e085a1bfa69e,0,bootstrap-phreshphish,S1,train,pseudo,True,False,jev-1.13.0,req_01a106cfd8e1781f9eb8f2833ceaf61e,200,2086,302,8.761200000000001e-05,258.24108300730586,,0.03,0.03,0.07,0.14,0.17,0.02,0.03,0.01,0.95,0.15,0.02,0.65,0.06,0.06,0.57
pp_6a6ffd0eec6a705f,0,bootstrap-phreshphish,S1,train,pseudo,True,False,jev-1.13.0,req_01a106cfd90972f6b9b5fca5ed83f7da,200,2082,302,8.7444e-05,288.6568329995498,,0.06,0.03,0.08,0.12,0.09,0.04,0.03,0.03,0.95,0.59,0.06,0.81,0.08,0.11,0.53
pp_6d104a0110d0dfbe,1,bootstrap-phreshphish,S1,train,pseudo,True,False,jev-1.13.0,req_01a106cfd91d798e8bb27f120a7649a2,200,1852,302,7.7784e-05,247.81525001162663,,0.3,0.02,0.03,0.86,0.13,0.06,0.23,0.25,0.04,0.98,0.03,0.93,0.33,0.1,0.7
pp_7220dfb908e177af,0,bootstrap-phreshphish,S1,train,pseudo,True,False,jev-1.13.0,req_01a106cfd92673309ed665afec9c9e04,200,2087,302,8.765400000000001e-05,262.2148340160493,,0.07,0.04,0.11,0.31,0.15,0.04,0.03,0.02,0.05,0.95,0.04,0.56,0.05,0.04,0.49
pp_73621bdbabe67ba1,1,bootstrap-phreshphish,S1,train,pseudo,True,False,jev-1.13.0,req_01a106cfda1773fc99f62b2d13ce00de,200,1106,302,4.645200000000001e-05,288.97366698947735,,0.19,0.02,0.03,0.32,0.96,0.22,0.02,0.02,0.08,0.06,0.23,0.96,0.32,0.65,0.17
pp_773387d4ba5f2631,1,bootstrap-phreshphish,S1,train,pseudo,True,False,jev-1.13.0,req_01a106cfda15701ca6a8dcbacd3dcaec,200,2163,302,9.0846e-05,238.19983302382752,,0.94,1.0,0.17,0.97,0.22,0.87,0.15,0.02,0.05,0.03,0.78,0.59,0.26,0.95,0.85
pp_807746455a3a3f9c,0,bootstrap-phreshphish,S1,train,pseudo,True,False,jev-1.13.0,req_01a106cfda4a70079ba6603781df517e,200,1992,302,8.3664e-05,284.04212498571724,,0.04,0.02,0.03,0.07,0.1,0.13,0.01,0.01,0.51,0.55,0.05,0.97,0.09,0.04,0.19
pp_8090bfe432007e81,0,bootstrap-phreshphish,S1,train,pseudo,True,False,jev-1.13.0,req_01a106cfda4a7212bd3f2a57f240d889,200,2096,302,8.803200000000001e-05,319.65950000449084,,0.07,0.03,0.05,0.22,0.06,0.03,0.03,0.03,0.11,0.04,0.04,0.6,0.07,0.18,0.57
pp_8296195a1f443cf6,1,bootstrap-phreshphish,S1,train,pseudo,True,False,jev-1.13.0,req_01a106cfdb0b73d19b4bdcfe6313e8c7,200,1265,302,5.313e-05,251.97920799837448,,0.86,0.98,0.13,0.95,0.95,0.88,0.02,0.01,0.02,0.03,0.78,0.91,0.14,0.54,0.7
pp_8319c3af76d6f841,0,bootstrap-phreshphish,S1,train,pseudo,True,False,jev-1.13.0,req_01a106cfdb0e786b855e6604a687b646,200,2172,302,9.1224e-05,315.20241702673957,,0.09,0.04,0.21,0.57,0.58,0.02,0.02,0.02,0.05,0.43,0.09,0.69,0.05,0.07,0.47
pp_85f8cf232cdce8d7,1,bootstrap-phreshphish,S1,train,pseudo,True,False,jev-1.13.0,req_01a106cfdb4775e1bd2abaa271f60cc3,200,1203,302,5.0526000000000004e-05,276.6487920016516,,0.13,0.02,0.04,0.05,0.26,0.49,0.02,0.02,0.99,0.07,0.12,0.97,0.77,0.74,0.62
pp_8809c5fb922876e0,0,bootstrap-phreshphish,S1,train,pseudo,True,False,jev-1.13.0,req_01a106cfdb727a0d8ffe85c46ca9891f,200,2084,302,8.7528e-05,333.1425840151496,,0.06,0.02,0.03,0.57,0.09,0.03,0.04,0.01,0.96,0.01,0.01,0.69,0.06,0.08,0.59
pp_890f1fe79e649069,0,bootstrap-phreshphish,S1,train,pseudo,True,False,jev-1.13.0,req_01a106cfdc0e7953811060b88de01bb6,200,2082,302,8.7444e-05,253.78595798974857,,0.08,0.03,0.07,0.18,0.09,0.02,0.02,0.02,0.75,0.04,0.02,0.71,0.05,0.05,0.38
pp_8a91e03e8e171226,1,bootstrap-phreshphish,S1,train,pseudo,True,False,jev-1.13.0,req_01a106cfdc50737f9c9e1ca3e2bab445,200,1717,302,7.211400000000001e-05,251.7159580020234,,0.88,0.99,0.99,0.96,0.19,0.96,0.03,0.04,0.96,0.96,0.83,0.97,0.43,0.67,0.69
pp_8ccef8f399eeae6c,0,bootstrap-phreshphish,S1,train,pseudo,True,False,jev-1.13.0,req_01a106cfdc717b05989fabbda24fcfe1,200,1973,302,8.2866e-05,274.0052090084646,,0.05,0.02,0.03,0.91,0.14,0.08,0.03,0.02,0.05,0.02,0.01,0.71,0.08,0.18,0.52
pp_8d6d3eb13de0f08d,1,bootstrap-phreshphish,S1,train,pseudo,True,False,jev-1.13.0,req_01a106cfdcc07b0b98ec68fc1ec8b48c,200,1885,302,7.917e-05,238.6288749985397,,0.19,0.02,0.03,0.89,0.8,0.07,0.06,0.1,0.03,0.01,0.04,0.87,0.13,0.65,0.53
pp_8ee4ca5f421ebd86,0,bootstrap-phreshphish,S1,train,pseudo,True,False,jev-1.13.0,req_01a106cfdd0474f1ab3855ff467e1d19,200,2106,302,8.845200000000001e-05,269.4526250124909,,0.4,0.8,0.89,0.18,0.1,0.04,0.05,0.06,0.95,0.02,0.05,0.67,0.1,0.07,0.61
pp_8f1de1a0a54f6dd5,1,bootstrap-phreshphish,S1,train,pseudo,True,False,jev-1.13.0,req_01a106cfdd4b70a381de53b0646b9146,200,2185,302,9.177000000000001e-05,249.29075001273304,,0.27,0.02,0.04,0.38,0.12,0.06,0.12,0.12,0.15,0.02,0.07,0.76,0.11,0.13,0.62
pp_9407778b6b4c66df,0,bootstrap-phreshphish,S1,train,pseudo,True,False,jev-1.13.0,req_01a106cfdd657d7696150a215cdd05fe,200,1355,302,5.691e-05,238.05833401274867,,0.04,0.02,0.04,0.06,0.09,0.03,0.01,0.01,0.96,0.06,0.1,0.93,0.05,0.09,0.56
pp_94c42388545062e0,1,bootstrap-phreshphish,S1,train,pseudo,True,False,jev-1.13.0,req_01a106cfddb478bb9e6d74d992b060fe,200,1798,302,7.5516e-05,271.59487499739043,,0.93,0.99,0.98,0.96,0.12,0.69,0.03,0.02,0.15,0.98,0.88,0.06,0.37,0.58,0.77
pp_97758cfe72ad62bb,0,bootstrap-phreshphish,S1,train,pseudo,True,False,jev-1.13.0,req_01a106cfde2c7306a7ca1222a50b436f,200,2102,302,8.828400000000001e-05,292.63608300243504,,0.05,0.03,0.05,0.79,0.04,0.03,0.02,0.02,0.98,0.07,0.02,0.78,0.05,0.07,0.18
pp_9826fdac38f38345,1,bootstrap-phreshphish,S1,train,pseudo,True,False,jev-1.13.0,req_01a106cfde4a717b8cab8c333947fdd1,200,1295,302,5.439e-05,259.3797919980716,,0.05,0.02,0.03,0.95,0.68,0.96,0.01,0.01,0.04,0.84,0.03,0.9,0.05,0.28,0.47
pp_9d4522ca9c71501d,0,bootstrap-phreshphish,S1,train,pseudo,True,False,jev-1.13.0,req_01a106cfde647ab6bd8e165c5a13cb6b,200,1789,302,7.513800000000001e-05,266.9217920047231,,0.11,1.0,0.1,0.08,0.08,0.03,0.03,0.01,0.96,0.05,0.82,0.51,0.09,0.13,0.73
pp_9d4b2fd401d3f1d7,1,bootstrap-phreshphish,S1,train,pseudo,True,False,jev-1.13.0,req_01a106cfdecc79ecb6777c7aabba5efb,200,2092,302,8.7864e-05,303.9277080097236,,0.35,0.02,0.04,0.96,0.97,0.87,0.06,0.03,0.11,0.37,0.14,0.8,0.27,0.71,0.47
pp_a03fc7da1f7588f7,1,bootstrap-phreshphish,S1,train,pseudo,True,False,jev-1.13.0,req_01a106cfdf4373529a44ef172aa25f3c,200,1183,302,4.9686e-05,267.3242499877233,,0.12,0.04,0.07,0.07,0.26,0.11,0.04,0.01,0.03,0.05,0.8,0.95,0.37,0.21,0.58
pp_a5c270dc02fb4b25,1,bootstrap-phreshphish,S1,train,pseudo,True,False,jev-1.13.0,req_01a106cfdf5c7243a306d0b5d3c422c1,200,2076,302,8.7192e-05,289.9215000215918,,0.19,0.99,0.05,0.97,0.78,0.05,0.03,0.03,0.95,0.87,0.06,0.64,0.06,0.17,0.7
pp_a657a45e746462f1,0,bootstrap-phreshphish,S1,train,pseudo,True,False,jev-1.13.0,req_01a106cfdf6572958a379f0f41c55d0c,200,2094,302,8.7948e-05,271.212874999037,,0.1,0.98,0.25,0.4,0.08,0.03,0.02,0.03,0.06,0.05,0.07,0.73,0.06,0.05,0.53
pp_a7179ac85e83f756,1,bootstrap-phreshphish,S1,train,pseudo,True,False,jev-1.13.0,req_01a106cfe0097810ad0e54fca0e77e56,200,1738,302,7.2996e-05,259.37316700583324,,0.32,0.02,0.03,0.96,0.65,0.19,0.16,0.02,0.03,0.05,0.15,0.94,0.29,0.81,0.15
pp_ab563686d3339834,1,bootstrap-phreshphish,S1,train,pseudo,True,False,jev-1.13.0,req_01a106cfe05c7a6298df3ede68743df2,200,2042,302,8.576400000000001e-05,289.9778340070043,,0.52,0.02,0.03,0.95,0.09,0.14,0.34,0.1,0.93,0.41,0.16,0.94,0.64,0.52,0.23
pp_b003ddc0eaf942f8,0,bootstrap-phreshphish,S1,train,pseudo,True,False,jev-1.13.0,req_01a106cfe0847bd5b2b869cac14e8381,200,2113,302,8.874600000000001e-05,261.5670830127783,,0.06,0.03,0.11,0.94,0.61,0.03,0.02,0.02,0.96,0.06,0.02,0.83,0.09,0.07,0.68
pp_b1d3905160755379,0,bootstrap-phreshphish,S1,train,pseudo,True,False,jev-1.13.0,req_01a106cfe085725385beca98bdf68210,200,1575,302,6.615000000000001e-05,297.98983299406245,,0.04,0.02,0.03,0.65,0.07,0.02,0.02,0.01,0.06,0.04,0.04,0.95,0.1,0.12,0.62
pp_b299c054f896dcf0,1,bootstrap-phreshphish,S1,train,pseudo,True,False,jev-1.13.0,req_01a106cfe0fd783ab79cee09898f90f8,200,996,302,4.1832e-05,297.75233299005777,,0.03,0.02,0.03,0.04,0.07,0.07,0.02,0.01,0.02,0.05,0.1,0.96,0.13,0.11,0.12
pp_b689d998e190b4eb,1,bootstrap-phreshphish,S1,train,pseudo,True,False,jev-1.13.0,req_01a106cfe1797190a382ba215867adad,200,1298,302,5.4516000000000005e-05,240.96679198555648,,0.17,0.03,0.04,0.91,0.86,0.08,0.02,0.01,0.04,0.08,0.73,0.97,0.36,0.62,0.73
pp_b7bbed4b6bb3be64,0,bootstrap-phreshphish,S1,train,pseudo,True,False,jev-1.13.0,req_01a106cfe17d79698fa7670a64bba3d8,200,2076,302,8.7192e-05,255.56391599820927,,0.06,0.04,0.06,0.09,0.11,0.02,0.04,0.02,0.95,0.04,0.05,0.6,0.06,0.05,0.51
pp_ba70ace0bf382948,1,bootstrap-phreshphish,S1,train,pseudo,True,False,jev-1.13.0,req_01a106cfe1b7704787d9e830a4a967d9,200,2021,302,8.4882e-05,262.22504198085517,,0.09,0.04,0.09,0.06,0.19,0.12,0.06,0.05,0.06,0.04,0.06,0.78,0.2,0.34,0.72
pp_baef1f03a5d9074b,1,bootstrap-phreshphish,S1,train,pseudo,True,False,jev-1.13.0,req_01a106cfe23179fda9b5ac4594a63066,200,2031,302,8.5302e-05,251.05116702616215,,0.15,0.02,0.03,0.09,0.05,0.09,0.12,0.03,0.94,0.24,0.06,0.92,0.18,0.48,0.21
pp_bd8160485beac2e6,0,bootstrap-phreshphish,S1,train,pseudo,True,False,jev-1.13.0,req_01a106cfe26e7f2380f7e65ec62c33c2,200,2071,302,8.6982e-05,260.7918339781463,,0.08,0.03,0.07,0.51,0.14,0.02,0.02,0.02,0.96,0.05,0.06,0.7,0.05,0.08,0.6
pp_bf288c9bfcced171,0,bootstrap-phreshphish,S1,train,pseudo,True,False,jev-1.13.0,req_01a106cfe28b772ca03e36440b7ada01,200,2094,302,8.7948e-05,307.8389580186922,,0.08,0.02,0.03,0.92,0.72,0.07,0.02,0.02,0.93,0.91,0.02,0.76,0.05,0.1,0.47
pp_c2136b4536bb28fa,0,bootstrap-phreshphish,S1,train,pseudo,True,False,jev-1.13.0,req_01a106cfe2c87c13b6a37bc4b6f6b233,200,1974,302,8.2908e-05,316.1740420036949,,0.04,0.03,0.11,0.12,0.38,0.03,0.03,0.01,0.05,0.03,0.58,0.96,0.11,0.24,0.09
pp_c3ec8086ca5a5496,0,bootstrap-phreshphish,S1,train,pseudo,True,False,jev-1.13.0,req_01a106cfe330799a9b70a1d8b9a663c6,200,2048,302,8.601600000000001e-05,269.55458300653845,,0.08,0.99,0.97,0.55,0.13,0.04,0.03,0.02,0.05,0.05,0.25,0.33,0.15,0.08,0.61
pp_c47a3ab3e32f1418,1,bootstrap-phreshphish,S1,train,pseudo,True,False,jev-1.13.0,req_01a106cfe3787aa184895d43007e65cc,200,1519,302,6.3798e-05,273.35020899772644,,0.92,0.99,0.11,0.96,0.41,0.97,0.02,0.02,0.03,0.02,0.93,0.92,0.15,0.72,0.85
pp_c50fc73e9734adc2,0,bootstrap-phreshphish,S1,train,pseudo,True,False,jev-1.13.0,req_01a106cfe3c372dcafdb4ecb7d4c8977,200,2103,302,8.832600000000001e-05,270.082665985683,,0.07,0.03,0.09,0.17,0.12,0.02,0.03,0.03,0.09,0.13,0.06,0.69,0.06,0.12,0.35
pp_c5cb2b1f2558d858,1,bootstrap-phreshphish,S1,train,pseudo,True,False,jev-1.13.0,req_01a106cfe3ee7242950171f58334faa5,200,1383,302,5.8086000000000006e-05,286.3151670026127,,0.12,0.02,0.03,0.85,0.42,0.21,0.17,0.02,0.04,0.17,0.1,0.95,0.71,0.66,0.15
pp_c5e512db7dd42b0f,0,bootstrap-phreshphish,S1,train,pseudo,True,False,jev-1.13.0,req_01a106cfe4467fe9851efa799de7d7e3,200,2010,302,8.442000000000001e-05,297.31704099685885,,0.05,0.03,0.11,0.09,0.07,0.03,0.02,0.02,0.96,0.17,0.09,0.79,0.08,0.09,0.3
pp_c73d699e0c40e50f,1,bootstrap-phreshphish,S1,train,pseudo,True,False,jev-1.13.0,req_01a106cfe496784eb7842e1659d1af0e,200,2113,302,8.874600000000001e-05,302.05945900524966,,0.31,0.02,0.03,0.96,0.97,0.78,0.05,0.03,0.96,0.38,0.14,0.84,0.33,0.84,0.4
pp_c82ae662c665585d,0,bootstrap-phreshphish,S1,train,pseudo,True,False,jev-1.13.0,req_01a106cfe4c675a495da9ff2d473114b,200,2098,302,8.8116e-05,260.2319580037147,,0.07,0.99,0.28,0.28,0.07,0.02,0.02,0.03,0.13,0.03,0.03,0.8,0.05,0.26,0.49
pp_d360067bb76dc49e,0,bootstrap-phreshphish,S1,train,pseudo,True,False,jev-1.13.0,req_01a106cfe5117ca98b3ffb0d4246ac36,200,2094,302,8.7948e-05,289.7714169812389,,0.52,0.99,0.69,0.55,0.29,0.06,0.03,0.03,0.97,0.31,0.33,0.83,0.11,0.1,0.25
pp_d73d162cd5c1312a,1,bootstrap-phreshphish,S1,train,pseudo,True,False,jev-1.13.0,req_01a106cfe5657b40bb536f3840bb8177,200,1871,302,7.858200000000001e-05,261.63024999550544,,0.21,0.02,0.04,0.94,0.89,0.96,0.04,0.01,0.05,0.89,0.03,0.95,0.19,0.42,0.65
pp_de434e0d276ce432,0,bootstrap-phreshphish,S1,train,pseudo,True,False,jev-1.13.0,req_01a106cfe5c278e98a265f2ef6233405,200,2058,302,8.643600000000001e-05,261.93058301578276,,0.05,0.03,0.04,0.17,0.07,0.04,0.02,0.02,0.95,0.06,0.11,0.78,0.06,0.06,0.42
pp_e173c5b8df2aee72,1,bootstrap-phreshphish,S1,train,pseudo,True,False,jev-1.13.0,req_01a106cfe5e579bda2f4a6148a7df6c2,200,1523,302,6.3966e-05,266.5577919979114,,0.56,0.02,0.04,0.94,0.15,0.03,0.11,0.04,0.99,0.24,0.15,0.91,0.63,0.4,0.46
pp_ec53420b9cc349b0,0,bootstrap-phreshphish,S1,train,pseudo,True,False,jev-1.13.0,req_01a106cfe63970a28e0a1b56064467c9,200,2111,302,8.866200000000001e-05,268.46583298174664,,0.09,0.98,0.97,0.18,0.07,0.02,0.04,0.03,0.08,0.11,0.03,0.7,0.07,0.05,0.48
pp_ec96e404f77703e3,1,bootstrap-phreshphish,S1,train,pseudo,True,False,jev-1.13.0,req_01a106cfe67d7d21a27c5cd91c9e2a5b,200,2049,302,8.605800000000001e-05,268.9006669970695,,0.09,0.02,0.03,0.96,0.1,0.09,0.04,0.02,0.94,0.37,0.03,0.94,0.17,0.51,0.23
pp_ee88be4f7636a237,0,bootstrap-phreshphish,S1,train,pseudo,True,False,jev-1.13.0,req_01a106cfe6c57285afd7d0f4a3b092f9,200,2045,302,8.589e-05,298.8764159963466,,0.04,0.04,0.23,0.23,0.05,0.02,0.48,0.02,0.94,0.06,0.02,0.7,0.04,0.09,0.21
pp_f7ca3ebedb432f55,0,bootstrap-phreshphish,S1,train,pseudo,True,False,jev-1.13.0,req_01a106cfe6f07247800874bdce1746f8,200,2040,302,8.568e-05,263.1561669986695,,0.03,0.02,0.03,0.78,0.06,0.08,0.02,0.01,0.97,0.02,0.01,0.97,0.19,0.12,0.23
pp_fba486afc8ec2ba2,0,bootstrap-phreshphish,S1,train,pseudo,True,False,jev-1.13.0,req_01a106cfe74b74768ca43a1142fb9804,200,2132,302,8.954400000000001e-05,281.05037499335594,,0.05,0.03,0.12,0.16,0.06,0.04,0.02,0.02,0.05,0.01,0.02,0.69,0.05,0.07,0.57
pp_ff7b4331556b690a,1,bootstrap-phreshphish,S1,train,pseudo,True,False,jev-1.13.0,req_01a106cfe77e7c27b84e973ebc1bf7c1,200,2031,302,8.5302e-05,246.02091699489392,,0.88,0.99,0.99,0.91,0.63,0.97,0.06,0.11,0.97,0.06,0.17,0.96,0.87,0.9,0.73
