,q_direct,q_collects_credentials,q_form_offsite,q_brand_domain_mismatch,q_brand_in_url_not_domain,q_ip_or_freehost,q_urgency,q_reward_bait,q_obfuscated_scripts,q_external_favicon,q_shell_page,q_missing_legitimacy,q_language_brand_mismatch,q_suspicious_url_shape,q_cloned_assets
q_direct,1.0,0.26664911785556267,0.2028534168226217,0.5522394992895359,0.5345632613284104,0.6146946640642851,0.5060684489317798,0.4738146072134039,-0.1355646839736724,0.22505392754310868,0.6933343726171496,0.08417826737843857,0.6836204896429828,0.6397578891077366,0.41890729499321544
q_collects_credentials,0.26664911785556267,1.0,0.820306326306859,0.0009992401245077138,-0.03178977941489043,-0.05528980920731343,0.07918799264840845,0.2028246968421487,0.05727457949045922,-0.18217297695647558,0.34706016989283495,-0.43600039641203103,-0.048758225023654345,-0.09014066906592325,0.42776948000983517
q_form_offsite,0.2028534168226217,0.820306326306859,1.0,-0.09781330443723026,-0.059560237393163906,-0.13966438030582679,0.031894060445738885,0.25023225158977974,0.08603779396352251,-0.06409223779257814,0.22482767302695925,-0.36205850503883374,-0.10124291629859036,-0.16032166197126219,0.35450861230850117
q_brand_domain_mismatch,0.5522394992895359,0.0009992401245077138,-0.09781330443723026,1.0,0.5279724593046274,0.44989995308526837,0.28625306652314003,0.2032371611026126,-0.09420736379523358,0.21711897713571204,0.17388823441502865,0.044842847232915865,0.3251140948946422,0.4752087837866275,0.27981042394319755
q_brand_in_url_not_domain,0.5345632613284104,-0.03178977941489043,-0.059560237393163906,0.5279724593046274,1.0,0.5398864897396604,0.14759566428661697,0.07361947598883196,-0.23339370697711534,0.3062524534587131,0.40023161119952366,0.22486710221620554,0.4222835013614301,0.47777261466152343,0.2628995641400772
q_ip_or_freehost,0.6146946640642851,-0.05528980920731343,-0.13966438030582679,0.44989995308526837,0.5398864897396604,1.0,0.2777056853742872,0.11903156281300961,-0.3001335332526456,0.30266073538258526,0.44197282003558847,0.3954295180145557,0.7110168545020884,0.6591670156208106,0.2505360792508869
q_urgency,0.5060684489317798,0.07918799264840845,0.031894060445738885,0.28625306652314003,0.14759566428661697,0.2777056853742872,1.0,0.5877780199353204,-0.12697938527868022,0.04184789857507004,0.2179790053503517,-0.13257756783183453,0.5714070725665311,0.4289515396074105,0.13293377280333207
q_reward_bait,0.4738146072134039,0.2028246968421487,0.25023225158977974,0.2032371611026126,0.07361947598883196,0.11903156281300961,0.5877780199353204,1.0,0.04569281478278048,0.036071707832620155,0.11958073362317698,-0.15961427182792629,0.35426089052278603,0.21996502456561512,0.0939947731187576
q_obfuscated_scripts,-0.1355646839736724,0.05727457949045922,0.08603779396352251,-0.09420736379523358,-0.23339370697711534,-0.3001335332526456,-0.12697938527868022,0.04569281478278048,1.0,0.06774011573772817,-0.1213513144787535,-0.05275774324852571,-0.2602976915718909,-0.23314202936964792,-0.11461371137683281
q_external_favicon,0.22505392754310868,-0.18217297695647558,-0.06409223779257814,0.21711897713571204,0.3062524534587131,0.30266073538258526,0.04184789857507004,0.036071707832620155,0.06774011573772817,1.0,0.21829009748896233,0.19043039551033006,0.16167392026462088,0.1146127717172979,-0.07486390505109332
q_shell_page,0.6933343726171496,0.34706016989283495,0.22482767302695925,0.17388823441502865,0.40023161119952366,0.44197282003558847,0.2179790053503517,0.11958073362317698,-0.1213513144787535,0.21829009748896233,1.0,0.16297504546141908,0.5568520486521488,0.5137234768620458,0.2139522758825914
q_missing_legitimacy,0.08417826737843857,-0.43600039641203103,-0.36205850503883374,0.044842847232915865,0.22486710221620554,0.3954295180145557,-0.13257756783183453,-0.15961427182792629,-0.05275774324852571,0.19043039551033006,0.16297504546141908,1.0,0.4132681468153054,0.34535078360111715,-0.3245868696938221
q_language_brand_mismatch,0.6836204896429828,-0.048758225023654345,-0.10124291629859036,0.3251140948946422,0.4222835013614301,0.7110168545020884,0.5714070725665311,0.35426089052278603,-0.2602976915718909,0.16167392026462088,0.5568520486521488,0.4132681468153054,1.0,0.6878270273311747,0.17850320582738047
q_suspicious_url_shape,0.6397578891077366,-0.09014066906592325,-0.16032166197126219,0.4752087837866275,0.47777261466152343,0.6591670156208106,0.4289515396074105,0.21996502456561512,-0.23314202936964792,0.1146127717172979,0.5137234768620458,0.34535078360111715,0.6878270273311747,1.0,0.10728667778404403
q_cloned_assets,0.41890729499321544,0.42776948000983517,0.35450861230850117,0.27981042394319755,0.2628995641400772,0.2505360792508869,0.13293377280333207,0.0939947731187576,-0.11461371137683281,-0.07486390505109332,0.2139522758825914,-0.3245868696938221,0.17850320582738047,0.10728667778404403,1.0
