site_id,label,repeat,q_direct,input_tokens,latency_ms,request_id
pp_011fb6056372bd16,1,1,0.41,756,340.0115830008872,req_01a1069ce88575b888c1984485c20b19
pp_011fb6056372bd16,1,0,0.39,756,356.7651249904884,req_01a1069ce88879c0870756b2b02a104a
pp_011fb6056372bd16,1,2,0.35,756,357.8192919958383,req_01a1069ce88e755a87070ce4304719d3
pp_27d47d452d74635a,1,0,0.9,886,239.5752500015078,req_01a1069ce98774ab9bf9899a1ee20531
pp_27d47d452d74635a,1,1,0.91,886,236.65445799997542,req_01a1069ce98d7136b5cfa6e061b7533b
pp_27d47d452d74635a,1,2,0.9,886,272.2629999916535,req_01a1069ce9a776cca0dc1484cd5f376b
pp_309824e86fb51dbf,0,1,0.06,1563,266.0222920094384,req_01a1069cea8f7d3cbb3ab68f017d0bb2
pp_309824e86fb51dbf,0,0,0.06,1563,283.5936670016963,req_01a1069cea9a75bb97d953cc11201498
pp_309824e86fb51dbf,0,2,0.06,1563,251.0327500058338,req_01a1069ceabc76cfb54b035a02ae630a
pp_32483e1e5bdeb477,1,0,0.03,788,237.0135420060251,req_01a1069ceb87739ebbaf0cf9cb68148f
pp_32483e1e5bdeb477,1,2,0.03,788,229.67050000443123,req_01a1069cebad7f709ec2a5198e727a87
pp_32483e1e5bdeb477,1,1,0.03,788,457.58508300059475,req_01a1069cec337d28929aab9108cc3bde
pp_33f77a365a9ec8fa,0,0,0.06,1527,248.95458300306927,req_01a1069cec7473269c2f8356f4c3914d
pp_33f77a365a9ec8fa,0,2,0.06,1527,238.48179199558217,req_01a1069cecd37c26920da77960672e01
pp_33f77a365a9ec8fa,0,1,0.06,1527,330.7972089969553,req_01a1069ceca07c9482b17ae60c2499da
pp_372c805080f13613,1,0,0.13,1470,258.6687500006519,req_01a1069ced85753597b47c4b182d4498
pp_372c805080f13613,1,1,0.13,1470,296.5607079968322,req_01a1069cedd97aa38834bc95ba22abe0
pp_372c805080f13613,1,2,0.14,1470,299.3388750037411,req_01a1069cedec7cd3be2fd695f8a87101
pp_383c8e07ae311e16,0,0,0.04,1516,251.48341699969023,req_01a1069ceef975f2927b39841df080b3
pp_383c8e07ae311e16,0,1,0.04,1516,250.5864160048077,req_01a1069cef1f7643be68a68db121173c
pp_383c8e07ae311e16,0,2,0.04,1516,286.5863749902928,req_01a1069cef9279888a61ed107cb66179
pp_3af77611336bac6e,0,0,0.05,1590,246.6304580011638,req_01a1069cf01871468ebfb3aaee8fb7db
pp_3af77611336bac6e,0,1,0.06,1590,273.5596670099767,req_01a1069cf0377aa78ca68ad8912c8087
pp_3af77611336bac6e,0,2,0.05,1590,252.3812919971533,req_01a1069cf0cc726ea41ff24007b67abb
pp_3e336949686cbf31,1,0,0.14,1110,280.3257919877069,req_01a1069cf10e71f6a4b9dc5b7090140a
pp_3e336949686cbf31,1,1,0.13,1110,250.83366699982435,req_01a1069cf13e7474953211ee82643a7e
pp_3e336949686cbf31,1,2,0.13,1110,253.12079199647997,req_01a1069cf1ba7aaeb1521c4e2530916b
pp_499f968a307fdb3e,0,0,0.08,1570,266.0481670027366,req_01a1069cf22a772d815e9ea3f7cc8ab9
pp_499f968a307fdb3e,0,1,0.07,1570,285.96379100054037,req_01a1069cf247723cbc180cca2cb10115
pp_499f968a307fdb3e,0,2,0.07,1570,275.820124996244,req_01a1069cf2c97cf9be1a133d1e6cb116
pp_4a114b3b67335a68,1,0,0.23,1371,258.912125005736,req_01a1069cf32d7156a396dbd0be8af1b7
pp_4a114b3b67335a68,1,1,0.21,1371,243.87854199449066,req_01a1069cf3597dd3a3e93d7cc6608dc4
pp_4a114b3b67335a68,1,2,0.24,1371,264.826250000624,req_01a1069cf3cc71f581e2e8e489d442d1
pp_4e3a06c7c3ad58f5,0,0,0.07,1641,246.13716699241195,req_01a1069cf43674dc8142dfbaa1e4ce66
pp_4e3a06c7c3ad58f5,0,1,0.07,1641,245.12516699905973,req_01a1069cf45071498c559916015b6efb
pp_4e3a06c7c3ad58f5,0,2,0.07,1641,243.97816699638497,req_01a1069cf4e376b88b2d588bcf2e55aa
pp_57cec1a05c81ad14,0,0,0.05,1594,250.76420899131335,req_01a1069cf5377f76914e733261cc2cc7
pp_57cec1a05c81ad14,0,1,0.05,1594,270.2296670031501,req_01a1069cf54f7485ab0b217522fafa08
pp_57cec1a05c81ad14,0,2,0.05,1594,274.5755000069039,req_01a1069cf5fb7880aab9dfc11cb8f53c
pp_59393005ba2f3573,1,0,0.71,1667,255.37254198570736,req_01a1069cf63f7c77a57318cbc23d96c9
pp_59393005ba2f3573,1,1,0.72,1667,261.43966599192936,req_01a1069cf65c79a4ab3314d12489537d
pp_59393005ba2f3573,1,2,0.75,1667,244.9943749961676,req_01a1069cf6f472e5a4cc190a11044987
pp_5cde0e09c6b8aa37,0,0,0.06,1630,252.25266699271742,req_01a1069cf72c74ea91ff93cc2e809c55
pp_5cde0e09c6b8aa37,0,1,0.06,1630,244.91583299823105,req_01a1069cf76478d99094a724676a30cc
pp_5cde0e09c6b8aa37,0,2,0.07,1630,251.26537500182167,req_01a1069cf7eb7859b5a62267bdcf9d6a
pp_6600e60f7451d4c8,0,0,0.03,1543,239.22783399757463,req_01a1069cf8537aaa803f6d4bad504ccd
pp_6600e60f7451d4c8,0,1,0.03,1543,261.0886249894975,req_01a1069cf8657ff9898ca3f4a60052ea
pp_6600e60f7451d4c8,0,2,0.03,1543,243.49937499209773,req_01a1069cf8e07a84b5bd6baacc791aef
pp_67c5499d29de60a2,1,0,0.94,1216,246.5825830004178,req_01a1069cf9417102b03b90ace20396f4
pp_67c5499d29de60a2,1,1,0.94,1216,246.18416700104717,req_01a1069cf9627934a6afc2e429d764ca
pp_67c5499d29de60a2,1,2,0.94,1216,249.0579580044141,req_01a1069cf9d07476b9dc136d017af122
pp_6a56e085a1bfa69e,0,0,0.03,1589,260.08529200043995,req_01a1069cfa407d1c8d9e42098e7a82e4
pp_6a56e085a1bfa69e,0,1,0.03,1589,233.8122080109315,req_01a1069cfa52752796abb7b350cb497a
pp_6a56e085a1bfa69e,0,2,0.03,1589,251.74375000642613,req_01a1069cfacd703fbe7248b53b50f273
pp_6d7187ac1f30d954,1,1,0.2,871,230.17699999036267,req_01a1069cfb437d099d69202507e126da
pp_6d7187ac1f30d954,1,0,0.23,871,249.21591600286774,req_01a1069cfb4f7287b4201c3313dbc50a
pp_6d7187ac1f30d954,1,2,0.2,871,255.88720799714793,req_01a1069cfbd274f2b9208348b9e10fb1
pp_70897ced3bece48f,0,0,0.05,1611,258.33604199578986,req_01a1069cfc4273c29285b07e316020ec
pp_70897ced3bece48f,0,2,0.05,1611,249.71791700227186,req_01a1069cfcd97350892f1b8147a65cdd
pp_70897ced3bece48f,0,1,0.05,1611,430.2398750005523,req_01a1069cfc447366ad567636957f22fc
pp_7220dfb908e177af,0,0,0.08,1590,288.17924999748357,req_01a1069cfd577fb68778c190c8a33fef
pp_7220dfb908e177af,0,1,0.07,1590,244.23279199982062,req_01a1069cfdd579729d68fad7c284b880
pp_7220dfb908e177af,0,2,0.08,1590,267.2012910043122,req_01a1069cfe017958a985e0757a6ee18b
pp_75e9cc3cec4f3b03,1,0,0.38,1580,244.14024999714456,req_01a1069cfe697bdd84e3aa02a0c9f401
pp_75e9cc3cec4f3b03,1,1,0.35,1580,244.22708399652038,req_01a1069cfec87eb7b1e3e27929e5a353
pp_75e9cc3cec4f3b03,1,2,0.42,1580,245.17662500147708,req_01a1069cff067a1889735d5f0d341e95
pp_7a4e8d400af9d66c,0,0,0.1,1613,228.86041599849705,req_01a1069cff5f7083a012d5db42c787e2
pp_7a4e8d400af9d66c,0,1,0.09,1613,248.37441599811427,req_01a1069cffc67b6fb91def14e5ba0297
pp_7a4e8d400af9d66c,0,2,0.11,1613,250.2870000025723,req_01a1069cfffb75ec8e043a70d506b9b0
pp_7a863a609d6179ba,1,0,0.33,856,236.28379100409802,req_01a1069d006b753c96b50640a8f52574
pp_7a863a609d6179ba,1,1,0.3,856,238.39625000255182,req_01a1069d00b87d20aea83c8ac0e6135e
pp_7a863a609d6179ba,1,2,0.34,856,237.7264159877086,req_01a1069d00f972738884cd5d25d58e09
pp_7ac7360a7ebacb09,1,0,0.03,597,272.588416992221,req_01a1069d0178774ebe3c2f0c66c3adab
pp_7ac7360a7ebacb09,1,1,0.03,597,235.63483299221843,req_01a1069d019f73c4877b7a50acd9268b
pp_7ac7360a7ebacb09,1,2,0.03,597,267.2752079961356,req_01a1069d01e874f4bc75cc89c7ebaece
pp_7e284b4c8e059baf,1,0,0.08,1517,249.83704200712964,req_01a1069d027277f0bf55d9ee5e18f4d8
pp_7e284b4c8e059baf,1,2,0.08,1517,281.38870900147595,req_01a1069d02f57003b8984afbf6e55eb4
pp_7e284b4c8e059baf,1,1,0.07,1517,415.2733749942854,req_01a1069d03257237a463aa9e726fd662
pp_87521f57e2591180,1,0,0.86,1650,245.150457994896,req_01a1069d0366757f84347003a2d10671
pp_87521f57e2591180,1,1,0.86,1650,248.2804579922231,req_01a1069d041b793b87c348a869f4c1f2
pp_87521f57e2591180,1,2,0.86,1650,242.73445799190085,req_01a1069d042c7c97bb4fb80bfa569440
pp_8e0a6ee8b9c9b3c9,0,0,0.08,1681,242.51816600735765,req_01a1069d04617a8ca1e49bcae96d6105
pp_8e0a6ee8b9c9b3c9,0,1,0.1,1681,244.6673750091577,req_01a1069d05137ffaa9b75ebd7a398f09
pp_8e0a6ee8b9c9b3c9,0,2,0.1,1681,274.8077500000363,req_01a1069d052f7d258c5711254704d94f
pp_8f1de1a0a54f6dd5,1,0,0.29,1688,260.21508300618734,req_01a1069d055a7b5698ce3736565ea36a
pp_8f1de1a0a54f6dd5,1,1,0.29,1688,259.0190419869032,req_01a1069d06177c91a372f7f9e3f5a6ec
pp_8f1de1a0a54f6dd5,1,2,0.29,1688,288.87216599832755,req_01a1069d063f79548e60d05438e23682
pp_9826fdac38f38345,1,0,0.05,798,250.54174999240786,req_01a1069d065f7aa191eee98908ea3200
pp_9826fdac38f38345,1,1,0.04,798,256.09899999108166,req_01a1069d070d79ea935729ada6b01fc5
pp_9826fdac38f38345,1,2,0.05,798,280.5432919994928,req_01a1069d07567f83a571356e89e26308
pp_9c86b44639ebfdc5,0,0,0.04,1642,291.62854100286495,req_01a1069d075d74619434a7bbc2c4a21e
pp_9c86b44639ebfdc5,0,1,0.05,1642,248.60737500421237,req_01a1069d0811732190166890b4425dff
pp_9c86b44639ebfdc5,0,2,0.05,1642,249.60612499853596,req_01a1069d084e75c4aaea14d442094121
pp_a7e925a38709e5d3,1,0,0.3,688,246.09470799623523,req_01a1069d08847615879fdabf92adc74b
pp_a7e925a38709e5d3,1,1,0.29,688,233.8646249991143,req_01a1069d09027b1db94d3cf189a4a572
pp_a7e925a38709e5d3,1,2,0.25,688,244.94158300512936,req_01a1069d09537a208ace2f1fec7ac4ae
pp_a90b8adda869df3c,0,0,0.07,1555,240.97749999782536,req_01a1069d0976760bb78b1734e4733481
pp_a90b8adda869df3c,0,1,0.07,1555,252.8537499892991,req_01a1069d09fc789b8bf80d98f3f0af20
pp_aaf0435c99537d26,0,0,0.04,1540,241.36937499861233,req_01a1069d0a727f66a988c5f520acceeb
pp_a90b8adda869df3c,0,2,0.06,1555,295.06987500644755,req_01a1069d0a657c71a232f7da92f04861
pp_aaf0435c99537d26,0,1,0.04,1540,284.79233299731277,req_01a1069d0b0c794d9381bbcf02bf1a58
pp_b1e9928a10581762,1,0,0.09,1509,253.48087499151006,req_01a1069d0b7a7727aeb6ab36e4d40e4e
pp_aaf0435c99537d26,0,2,0.04,1540,293.3213749929564,req_01a1069d0b7473f7bdda8ce614408207
pp_b1e9928a10581762,1,1,0.09,1509,240.09579200355802,req_01a1069d0c187d159d9d0896ef039082
pp_b1e9928a10581762,1,2,0.09,1509,287.3247499956051,req_01a1069d0c96719b95106758c722d1a1
pp_b7bbed4b6bb3be64,0,0,0.06,1579,264.3671249970794,req_01a1069d0c96790cb0cd853056ee16a6
pp_b7bbed4b6bb3be64,0,1,0.06,1579,249.66541599133052,req_01a1069d0d1077aca0d91d03a664bedf
pp_b7bbed4b6bb3be64,0,2,0.06,1579,251.9595829944592,req_01a1069d0d8b796d81a2376680815b5d
pp_ba70ace0bf382948,1,0,0.09,1524,242.62116600584704,req_01a1069d0d9b77288b4a30f8b59d19cf
pp_ba70ace0bf382948,1,1,0.09,1524,243.5971660015639,req_01a1069d0e0570baab587b4db899df40
pp_ba70ace0bf382948,1,2,0.09,1524,289.6071249997476,req_01a1069d0e757b10935ebca9afc3e71a
pp_baef1f03a5d9074b,1,0,0.14,1534,256.12795900087804,req_01a1069d0ece78b3a24438c5fcb88a13
pp_baef1f03a5d9074b,1,1,0.17,1534,245.92779199883807,req_01a1069d0efb712589c9fcdc63ee8e22
pp_bbdd318fe68867e1,1,0,0.38,905,268.31074999063276,req_01a1069d0fc57488abd40c27e9445362
pp_bbdd318fe68867e1,1,1,0.3,905,231.04524999507703,req_01a1069d0feb7c35aa90340605282a90
pp_baef1f03a5d9074b,1,2,0.16,1534,415.93866699258797,req_01a1069d0fbc732c9f8e19f0e7fe3dd8
pp_bbdd318fe68867e1,1,2,0.34,905,242.9748330032453,req_01a1069d10d07728a2b6f351f97ddbb3
pp_bda46312ef2c172c,0,0,0.12,1573,272.18816700042225,req_01a1069d10eb7bc48327df34baecd24f
pp_bda46312ef2c172c,0,1,0.1,1573,260.20833299844526,req_01a1069d11447137abded7a7b5a8016a
pp_bda46312ef2c172c,0,2,0.13,1573,274.69641699281055,req_01a1069d11d67bef819be205403aac67
pp_c13edf26a4ba9f61,1,0,0.27,1612,235.42879198794253,req_01a1069d11f27db4b4e2f0d6748643f0
pp_c13edf26a4ba9f61,1,1,0.26,1612,253.3612919942243,req_01a1069d12487c719cd4b4a356ced4ec
pp_c13edf26a4ba9f61,1,2,0.27,1612,248.43195900029968,req_01a1069d12e176578c8c48913dcdd759
pp_c4dc9cb6d437aea7,0,0,0.03,1591,287.7065000066068,req_01a1069d1337719581b07838436d217a
pp_c4dc9cb6d437aea7,0,1,0.03,1591,299.8649579967605,req_01a1069d13607d6dab40729f316e4ee1
pp_c4dc9cb6d437aea7,0,2,0.03,1591,268.32620800996665,req_01a1069d13f479e4a66c287317c3ca9e
pp_c50fc73e9734adc2,0,0,0.07,1606,274.3617920059478,req_01a1069d144d74eea7769513e96c948d
pp_c50fc73e9734adc2,0,1,0.07,1606,274.21666600275785,req_01a1069d148372c0a0a853f43eab21b1
pp_c50fc73e9734adc2,0,2,0.08,1606,246.76941698999144,req_01a1069d14ea79cb913b0491c6338673
pp_c52aabbcc5158cfe,0,0,0.29,1597,293.01958400174044,req_01a1069d155b7d40b0ad8613d06fc015
pp_c52aabbcc5158cfe,0,1,0.28,1597,271.04420799878426,req_01a1069d1590772eb17c7fe914fa127f
pp_c52aabbcc5158cfe,0,2,0.22,1597,254.32766700396314,req_01a1069d15de74c68c8d2c7ab1584a4f
pp_c5e512db7dd42b0f,0,0,0.05,1513,262.99791599740274,req_01a1069d16847bc4ae25770a0484eac5
pp_c5e512db7dd42b0f,0,1,0.05,1513,259.6137920045294,req_01a1069d169c754eb8a0b29d9c38aa0b
pp_c5e512db7dd42b0f,0,2,0.05,1513,282.8400839935057,req_01a1069d16ee7e2abd561b7d825ba3a3
pp_c82859dcb798670e,0,0,0.04,1559,251.40279199695215,req_01a1069d179571b7b8a79db4acd66894
pp_c82859dcb798670e,0,1,0.05,1559,246.62562500452623,req_01a1069d17b076e289981dffecac6475
pp_c82859dcb798670e,0,2,0.05,1559,267.1584580093622,req_01a1069d181171f490754614d79863ed
pp_e173c5b8df2aee72,1,0,0.55,1026,238.97237500932533,req_01a1069d188b7ab499f49ea424f68643
pp_e173c5b8df2aee72,1,1,0.56,1026,252.9181249992689,req_01a1069d18a2785b863260904eee238d
pp_e173c5b8df2aee72,1,2,0.55,1026,264.42391698947176,req_01a1069d192a726e8ba48074278a8520
pp_e18c7ee830a3864e,1,0,0.14,843,250.56475000747014,req_01a1069d19887638a20a14241d00fc6e
pp_e18c7ee830a3864e,1,1,0.13,843,264.3527079926571,req_01a1069d199d7c88991a2cf60d782f86
pp_e18c7ee830a3864e,1,2,0.11,843,264.4693749898579,req_01a1069d1a287b13b247a9ae0e9dc0d1
pp_ee88be4f7636a237,0,0,0.04,1548,273.83749998989515,req_01a1069d1a847a958e6b8a8d0cf79bee
pp_ee88be4f7636a237,0,1,0.03,1548,248.52329200075474,req_01a1069d1aae7e049a92372a0dda2465
pp_ee88be4f7636a237,0,2,0.04,1548,251.29516600281931,req_01a1069d1b317a6ea3d3e34df2a57eb8
pp_f150584aafac10fb,1,0,0.83,874,274.1898329986725,req_01a1069d1bb27eb7a045895dad322fb5
pp_f150584aafac10fb,1,1,0.84,874,356.3087919901591,req_01a1069d1bb2722dbf12a9835cfdce9c
pp_f150584aafac10fb,1,2,0.84,874,247.6049170072656,req_01a1069d1c20774499b030e4fa1a2e77
