site_id,label,q_direct_with_companions,choice,choice_p_phishing,choice_confidence,score,score_confidence,score_p0,score_p1,score_p2,score_p3,score_p4,input_tokens,request_id
pp_011fb6056372bd16,1,0.41,phishing,0.74,0.49,1.3,0.0,0.4,0.25,0.08,0.19,0.08,928,req_01a1069ce87d71ff98d08e8db397694b
pp_27d47d452d74635a,1,0.9,phishing,0.99,0.98,3.47,0.56,0.0,0.02,0.04,0.39,0.55,1058,req_01a1069ce9a673048c392f27bd6af901
pp_309824e86fb51dbf,0,0.06,benign,0.0,1.0,0.07,0.94,0.95,0.05,0.0,0.0,0.0,1735,req_01a1069ceace73188c0696a6bc3288c4
pp_32483e1e5bdeb477,1,0.03,benign,0.0,1.0,0.0,1.0,1.0,0.0,0.0,0.0,0.0,960,req_01a1069cebe779a38b4bf262f9fe6df1
pp_372c805080f13613,1,0.13,benign,0.07,0.86,0.38,0.68,0.7,0.26,0.03,0.01,0.0,1642,req_01a1069cee83780b87a8a5a4a51632f2
pp_33f77a365a9ec8fa,0,0.06,benign,0.01,0.97,0.1,0.91,0.92,0.07,0.01,0.0,0.0,1699,req_01a1069ceece7effbab95d7bf61acf54
pp_383c8e07ae311e16,0,0.04,benign,0.0,1.0,0.04,0.97,0.97,0.03,0.0,0.0,0.0,1688,req_01a1069cefff7b34abc64a240bcd4278
pp_3af77611336bac6e,0,0.05,benign,0.0,1.0,0.04,0.97,0.97,0.03,0.0,0.0,0.0,1762,req_01a1069cf10c717cbc39e778e72f27e5
pp_3e336949686cbf31,1,0.15,benign,0.18,0.64,0.43,0.64,0.75,0.15,0.03,0.05,0.02,1282,req_01a1069cf1ff71daa69c7986ab139bc2
pp_499f968a307fdb3e,0,0.08,benign,0.0,0.99,0.17,0.86,0.86,0.13,0.01,0.0,0.0,1742,req_01a1069cf3047a5c906282c966829275
pp_4a114b3b67335a68,1,0.22,benign,0.11,0.78,0.67,0.44,0.56,0.31,0.05,0.06,0.02,1543,req_01a1069cf41b7601a280905635140b5c
pp_4e3a06c7c3ad58f5,0,0.08,benign,0.01,0.97,0.12,0.9,0.9,0.08,0.01,0.01,0.0,1813,req_01a1069cf51870fdb523fad5cb4b3b48
pp_57cec1a05c81ad14,0,0.05,benign,0.0,1.0,0.05,0.96,0.96,0.04,0.0,0.0,0.0,1766,req_01a1069cf62f770b8221e01d7a0ae6b0
pp_59393005ba2f3573,1,0.7,phishing,0.56,0.11,1.79,0.18,0.1,0.37,0.24,0.23,0.06,1839,req_01a1069cf7257f468a0c70ffb375f9f9
pp_5cde0e09c6b8aa37,0,0.06,benign,0.01,0.99,0.18,0.85,0.86,0.13,0.01,0.0,0.0,1802,req_01a1069cf83e730db42ec48f6c697bc8
pp_6600e60f7451d4c8,0,0.03,benign,0.0,1.0,0.01,1.0,1.0,0.0,0.0,0.0,0.0,1715,req_01a1069cf9357f16b7ed2253c2d587f6
pp_67c5499d29de60a2,1,0.93,phishing,0.99,0.98,3.9,0.91,0.0,0.0,0.0,0.07,0.93,1388,req_01a1069cfa427fe3bf6e4a3fb37719f8
pp_6a56e085a1bfa69e,0,0.03,benign,0.0,1.0,0.01,0.99,1.0,0.0,0.0,0.0,0.0,1761,req_01a1069cfb4c771790ceafbdc8921096
pp_6d7187ac1f30d954,1,0.24,benign,0.16,0.67,0.72,0.4,0.58,0.25,0.06,0.08,0.03,1043,req_01a1069cfc3c7beba509f981905d599b
pp_70897ced3bece48f,0,0.05,benign,0.0,0.99,0.04,0.96,0.97,0.03,0.0,0.0,0.0,1783,req_01a1069cfd5275e6819e7a9f1f384ce7
pp_7220dfb908e177af,0,0.07,benign,0.0,0.99,0.09,0.92,0.93,0.07,0.0,0.0,0.0,1762,req_01a1069cfe5c7049b306bb376b7d1fae
pp_75e9cc3cec4f3b03,1,0.38,phishing,0.6,0.21,1.58,0.0,0.33,0.25,0.07,0.22,0.13,1752,req_01a1069cff5d777d9d1b64e8cad026e9
pp_7a4e8d400af9d66c,0,0.09,benign,0.01,0.98,0.21,0.83,0.84,0.14,0.01,0.01,0.0,1785,req_01a1069d005472b083931b4e514e7f31
pp_7a863a609d6179ba,1,0.33,benign,0.34,0.32,0.87,0.28,0.49,0.33,0.06,0.08,0.04,1028,req_01a1069d014d7eb69a7b084c8a722b48
pp_7ac7360a7ebacb09,1,0.04,benign,0.0,1.0,0.0,1.0,1.0,0.0,0.0,0.0,0.0,769,req_01a1069d0236740d8ec45d270b8f37f8
pp_7e284b4c8e059baf,1,0.07,benign,0.03,0.94,0.11,0.91,0.91,0.08,0.01,0.0,0.0,1689,req_01a1069d0340770a85c4e4e79f4c722c
pp_87521f57e2591180,1,0.86,phishing,0.87,0.75,3.41,0.51,0.02,0.03,0.03,0.34,0.58,1822,req_01a1069d043c73ea9bab3590ed96ba5c
pp_8e0a6ee8b9c9b3c9,0,0.09,benign,0.04,0.93,0.2,0.84,0.9,0.05,0.01,0.02,0.02,1853,req_01a1069d052b7d58ac831d40ee2065a7
pp_8f1de1a0a54f6dd5,1,0.29,benign,0.2,0.59,1.04,0.13,0.4,0.31,0.16,0.1,0.03,1860,req_01a1069d063c7436bcdacfd5b888da7a
pp_9826fdac38f38345,1,0.05,benign,0.0,0.99,0.02,0.99,0.99,0.01,0.0,0.0,0.0,970,req_01a1069d0758772a8fd5a3f5af193dc4
pp_9c86b44639ebfdc5,0,0.04,benign,0.0,1.0,0.01,0.99,0.99,0.01,0.0,0.0,0.0,1814,req_01a1069d0854753ab956b472be16294a
pp_a7e925a38709e5d3,1,0.29,benign,0.48,0.04,0.71,0.41,0.53,0.32,0.06,0.07,0.02,860,req_01a1069d096d71cda4c4d7b9ed4504cf
pp_a90b8adda869df3c,0,0.07,benign,0.01,0.99,0.06,0.95,0.96,0.04,0.0,0.0,0.0,1727,req_01a1069d0a6e702899cf28d6be419143
pp_aaf0435c99537d26,0,0.04,benign,0.0,1.0,0.02,0.98,0.99,0.01,0.0,0.0,0.0,1712,req_01a1069d0b777795925d407c201183bc
pp_b1e9928a10581762,1,0.09,benign,0.08,0.84,0.18,0.85,0.87,0.1,0.01,0.01,0.01,1681,req_01a1069d0c8773559ffd3f274c983b1f
pp_b7bbed4b6bb3be64,0,0.06,benign,0.01,0.98,0.06,0.95,0.96,0.04,0.0,0.0,0.0,1751,req_01a1069d0da9788ca52fcae96dfbed49
pp_ba70ace0bf382948,1,0.09,benign,0.03,0.95,0.16,0.87,0.87,0.11,0.01,0.01,0.0,1696,req_01a1069d0e99797cb3f6f28457af0bcb
pp_baef1f03a5d9074b,1,0.18,benign,0.4,0.19,1.04,0.14,0.46,0.27,0.08,0.15,0.04,1706,req_01a1069d0fba7dd0ad565abaf30a52a0
pp_bbdd318fe68867e1,1,0.34,benign,0.29,0.41,0.91,0.24,0.44,0.37,0.06,0.09,0.04,1077,req_01a1069d10e377e3898de7b53fad5fdc
pp_bda46312ef2c172c,0,0.12,benign,0.01,0.97,0.38,0.68,0.7,0.25,0.03,0.01,0.01,1745,req_01a1069d11ea7365a14c0d58eacf41b9
pp_c13edf26a4ba9f61,1,0.23,benign,0.42,0.15,0.74,0.38,0.57,0.27,0.04,0.09,0.03,1784,req_01a1069d12ed7391915bd43250e10092
pp_c4dc9cb6d437aea7,0,0.03,benign,0.0,1.0,0.0,1.0,1.0,0.0,0.0,0.0,0.0,1763,req_01a1069d14057fbc9644e98768549374
pp_c50fc73e9734adc2,0,0.08,benign,0.02,0.95,0.09,0.93,0.93,0.05,0.01,0.0,0.0,1778,req_01a1069d15097c9e8876ce2bddc24299
pp_c52aabbcc5158cfe,0,0.29,benign,0.15,0.69,1.06,0.12,0.5,0.23,0.08,0.11,0.08,1769,req_01a1069d1621742d9975d4acd8412362
pp_c5e512db7dd42b0f,0,0.05,benign,0.01,0.99,0.03,0.98,0.98,0.02,0.0,0.0,0.0,1685,req_01a1069d17257bb3b98dcdf3b0426751
pp_c82859dcb798670e,0,0.05,benign,0.0,1.0,0.03,0.97,0.98,0.02,0.0,0.0,0.0,1731,req_01a1069d183575e9b0ad201198b8b442
pp_e173c5b8df2aee72,1,0.57,phishing,0.57,0.14,1.51,0.0,0.33,0.26,0.09,0.21,0.11,1198,req_01a1069d19497dd98205588bc3f7e63e
pp_e18c7ee830a3864e,1,0.13,benign,0.04,0.91,0.45,0.62,0.63,0.3,0.04,0.02,0.01,1015,req_01a1069d1a5475188f6db20dcb4b0d08
pp_ee88be4f7636a237,0,0.04,benign,0.0,1.0,0.02,0.99,0.99,0.01,0.0,0.0,0.0,1720,req_01a1069d1b4376db8ca987d63808074e
pp_f150584aafac10fb,1,0.85,phishing,0.98,0.97,3.32,0.53,0.01,0.02,0.04,0.49,0.44,1046,req_01a1069d1c3073a3a76614cb702823d3
