site_id,label,dataset,variant,split,split_source,ok,cached,model,request_id,http_status,input_tokens,output_tokens,cost_usd,latency_ms,error,q_direct,q_collects_credentials,q_form_offsite,q_brand_domain_mismatch,q_brand_in_url_not_domain,q_ip_or_freehost,q_urgency,q_reward_bait,q_obfuscated_scripts,q_external_favicon,q_shell_page,q_missing_legitimacy,q_language_brand_mismatch,q_suspicious_url_shape,q_cloned_assets,q_ocr_brand_mismatch,q_ocr_login_prompt
640a00e0027570de0742438b,1,bootstrap-putra,S2,train,pseudo,True,False,jev-1.13.0,req_01a106d253d67f898d6dfb17e806bdfa,200,1579,345,6.6318e-05,303.00524999620393,,0.92,0.99,0.07,0.98,0.16,0.1,0.06,0.03,0.98,0.01,0.72,0.42,0.68,0.8,0.13,0.96,0.83
640a01ae027570de07424398,1,bootstrap-putra,S2,train,pseudo,True,False,jev-1.13.0,req_01a106d252cb761888aeb6de0327e7f9,200,1528,345,6.4176e-05,263.985582976602,,0.59,0.02,0.03,0.06,0.04,0.37,0.11,0.01,0.95,0.02,0.76,0.46,0.52,0.76,0.12,0.06,0.96
640a0600027570de074243b9,1,bootstrap-putra,S2,train,pseudo,True,False,jev-1.13.0,req_01a106d256a17cebba1aa24eba9ed468,200,2293,345,9.630600000000001e-05,258.8270830165129,,0.92,0.99,0.32,0.97,0.28,0.88,0.14,0.02,0.04,0.17,0.23,0.72,0.17,0.75,0.09,0.95,0.96
640a09ab027570de074243cf,1,bootstrap-putra,S2,train,pseudo,True,False,jev-1.13.0,req_01a106d2534079f2b2b8caddba878f10,200,2728,345,0.00011457600000000001,308.02762499661185,,0.88,0.99,0.14,0.97,0.91,0.34,0.1,0.26,0.85,0.04,0.07,0.45,0.12,0.78,0.89,0.97,0.97
640a0a61027570de074243d4,1,bootstrap-putra,S2,train,pseudo,True,False,jev-1.13.0,req_01a106d24e177811a2480045f0290f53,200,1840,345,7.728e-05,334.0662500122562,,0.82,0.02,0.03,0.97,0.97,0.67,0.22,0.04,0.04,0.36,0.15,0.04,0.57,0.48,0.84,0.96,0.75
640a13a85e12d83aeab239c3,1,bootstrap-putra,S2,train,pseudo,True,False,jev-1.13.0,req_01a106d24dfc7e0498592c81473c0e5c,200,1390,345,5.838e-05,301.6064999974333,,0.93,0.99,0.08,0.98,0.14,0.08,0.13,0.02,0.98,0.05,0.67,0.13,0.37,0.22,0.15,0.97,0.82
640a18355e12d83aeab239c8,1,bootstrap-putra,S2,train,pseudo,True,False,jev-1.13.0,req_01a106d2525d79c19e74509ab87ccfb3,200,1511,345,6.346200000000001e-05,472.47716700076126,,0.92,0.03,0.03,0.94,0.07,0.35,0.13,0.11,0.94,0.05,0.71,0.16,0.69,0.82,0.13,0.97,0.86
640a18495e12d83aeab239ca,1,bootstrap-putra,S2,train,pseudo,True,False,jev-1.13.0,req_01a106d2501d7290995c6eb498b60379,200,2237,345,9.3954e-05,252.39799998234957,,0.86,0.86,0.8,0.98,0.92,0.09,0.06,0.04,0.05,0.05,0.1,0.71,0.12,0.74,0.89,0.97,0.51
640a18c35e12d83aeab239d2,1,bootstrap-putra,S2,train,pseudo,True,False,jev-1.13.0,req_01a106d25320771ea52db082a76e6f9e,200,2237,345,9.3954e-05,266.7062919936143,,0.77,0.15,0.86,0.98,0.43,0.09,0.05,0.04,0.06,0.04,0.08,0.69,0.12,0.75,0.84,0.96,0.47
640a223f5e12d83aeab239ec,1,bootstrap-putra,S2,train,pseudo,True,False,jev-1.13.0,req_01a106d2506c7df698320472c15a59db,200,1726,345,7.249200000000001e-05,298.3307089889422,,0.88,1.0,0.08,0.98,0.95,0.94,0.02,0.02,0.96,0.02,0.95,0.94,0.07,0.8,0.12,0.29,0.98
640a224d5e12d83aeab239ee,1,bootstrap-putra,S2,train,pseudo,True,False,jev-1.13.0,req_01a106d250267fc78b6b3e66aa5d8e0f,200,2075,345,8.715e-05,276.60829201340675,,0.76,1.0,0.63,0.97,0.97,0.07,0.02,0.01,0.03,0.05,0.14,0.81,0.91,0.85,0.17,0.92,0.98
640a23715e12d83aeab23a16,1,bootstrap-putra,S2,train,pseudo,True,False,jev-1.13.0,req_01a106d24e26783c941d64574d831b7b,200,1632,345,6.854400000000001e-05,388.625542022055,,0.68,0.02,0.04,0.97,0.25,0.07,0.04,0.02,0.06,0.07,0.4,0.79,0.45,0.53,0.73,0.97,0.98
640a250b5e12d83aeab23a32,1,bootstrap-putra,S2,train,pseudo,True,False,jev-1.13.0,req_01a106d24f4e7b9bb3a067d768a0531a,200,2387,345,0.000100254,264.83683299738914,,0.48,0.99,0.11,0.97,0.82,0.29,0.48,0.29,0.94,0.05,0.06,0.08,0.08,0.57,0.77,0.95,0.95
640a279c5e12d83aeab23a3d,1,bootstrap-putra,S2,train,pseudo,True,False,jev-1.13.0,req_01a106d24f207dd798ef8b06bf78dc81,200,2348,345,9.8616e-05,254.17620898224413,,0.29,0.02,0.03,0.98,0.56,0.12,0.05,0.04,0.96,0.01,0.04,0.77,0.35,0.52,0.67,0.83,0.26
640a289c5e12d83aeab23a52,1,bootstrap-putra,S2,train,pseudo,True,False,jev-1.13.0,req_01a106d24e147439ad76df1cc93eb688,200,1626,345,6.8292e-05,335.5852499953471,,0.9,0.99,0.11,0.38,0.06,0.49,0.17,0.02,0.98,0.02,0.86,0.22,0.36,0.83,0.81,0.91,0.98
640a28d05e12d83aeab23a57,1,bootstrap-putra,S2,train,pseudo,True,False,jev-1.13.0,req_01a106d25517777ea6ec51a4cbdb79e8,200,2387,345,0.000100254,311.48558302083984,,0.84,0.99,0.08,0.83,0.11,0.06,0.03,0.03,0.99,0.02,0.71,0.67,0.78,0.23,0.71,0.9,0.98
642ea80461bb656e3eb3ee0d,0,bootstrap-putra,S2,train,pseudo,True,False,jev-1.13.0,req_01a106d256787036a0b92d35e8ef6f20,200,2442,345,0.000102564,312.4825000122655,,0.07,0.03,0.11,0.16,0.05,0.02,0.13,0.01,0.97,0.03,0.02,0.76,0.04,0.06,0.32,0.22,0.07
642ea9b761bb656e3eb3ee0f,0,bootstrap-putra,S2,train,pseudo,True,False,jev-1.13.0,req_01a106d251467e64ab9ccf82bed9e6c1,200,2285,345,9.597e-05,269.6203340019565,,0.06,0.02,0.03,0.13,0.51,0.05,0.02,0.02,0.16,0.09,0.08,0.77,0.12,0.2,0.13,0.06,0.03
642eaa1961bb656e3eb3ee11,0,bootstrap-putra,S2,train,pseudo,True,False,jev-1.13.0,req_01a106d251187b6192648e03950d0bbe,200,2103,345,8.832600000000001e-05,280.2599580027163,,0.08,0.02,0.03,0.2,0.1,0.13,0.04,0.03,0.97,0.03,0.03,0.68,0.09,0.08,0.6,0.06,0.02
642eaa7c61bb656e3eb3ee14,0,bootstrap-putra,S2,train,pseudo,True,False,jev-1.13.0,req_01a106d255a6755281f42fb8c701c2ee,200,2183,345,9.1686e-05,251.32041700999252,,0.05,0.03,0.05,0.76,0.8,0.08,0.02,0.02,0.99,0.01,0.04,0.7,0.1,0.16,0.46,0.21,0.05
642eaa9a61bb656e3eb3ee16,0,bootstrap-putra,S2,train,pseudo,True,False,jev-1.13.0,req_01a106d251ca7a268ef2206bbb6d558f,200,1267,345,5.3214e-05,313.1609580013901,,0.06,0.02,0.03,0.18,0.63,0.23,0.02,0.01,0.96,0.05,0.03,0.17,0.23,0.38,0.51,0.09,0.02
642eab8c61bb656e3eb3ee1a,0,bootstrap-putra,S2,train,pseudo,True,False,jev-1.13.0,req_01a106d250207e0b87f00760df992f18,200,2218,345,9.3156e-05,278.308457985986,,0.07,0.99,0.1,0.16,0.06,0.03,0.04,0.07,0.05,0.05,0.03,0.56,0.27,0.06,0.51,0.1,0.03
642eabbe61bb656e3eb3ee1d,0,bootstrap-putra,S2,train,pseudo,True,False,jev-1.13.0,req_01a106d25122760ca8f8f891767be382,200,1516,345,6.367200000000001e-05,236.35941700194962,,0.55,1.0,0.18,0.42,0.19,0.03,0.02,0.01,0.04,0.07,0.81,0.19,0.16,0.51,0.37,0.52,0.93
642eac9161bb656e3eb3ee21,0,bootstrap-putra,S2,train,pseudo,True,False,jev-1.13.0,req_01a106d25559773d9fb8c790207dfab3,200,2352,345,9.878400000000001e-05,308.21283301338553,,0.15,0.99,0.06,0.1,0.11,0.03,0.03,0.07,0.96,0.04,0.22,0.63,0.07,0.55,0.56,0.14,0.97
642eae2061bb656e3eb3ee2a,0,bootstrap-putra,S2,train,pseudo,True,False,jev-1.13.0,req_01a106d254597e5db2c37e0f398d6a10,200,2377,345,9.9834e-05,419.1137079906184,,0.68,0.99,0.13,0.96,0.97,0.15,0.03,0.05,0.97,0.11,0.1,0.75,0.23,0.18,0.5,0.55,0.16
642eaea561bb656e3eb3ee2c,0,bootstrap-putra,S2,train,pseudo,True,False,jev-1.13.0,req_01a106d255e3718eb4611ad08695b0da,200,2213,345,9.294600000000001e-05,287.1687079896219,,0.08,0.98,0.2,0.14,0.1,0.07,0.03,0.06,0.97,0.08,0.07,0.62,0.09,0.06,0.65,0.05,0.02
642eaecb61bb656e3eb3ee2e,0,bootstrap-putra,S2,train,pseudo,True,False,jev-1.13.0,req_01a106d252257664918faea3b38bf79f,200,2033,345,8.538600000000001e-05,259.83666701358743,,0.07,0.02,0.04,0.47,0.07,0.05,0.51,0.14,0.11,0.01,0.02,0.93,0.16,0.05,0.4,0.07,0.49
642eaf4661bb656e3eb3ee30,0,bootstrap-putra,S2,train,pseudo,True,False,jev-1.13.0,req_01a106d2523279998fb6f67054cd31c4,200,2222,345,9.332400000000002e-05,254.82154099154286,,0.04,0.04,0.07,0.23,0.22,0.03,0.02,0.02,0.06,0.06,0.14,0.72,0.11,0.11,0.51,0.55,0.07
642eafe561bb656e3eb3ee32,0,bootstrap-putra,S2,train,pseudo,True,False,jev-1.13.0,req_01a106d2547b7f1c945625ca0b42637b,200,2215,345,9.303e-05,301.94170799222775,,0.06,0.03,0.07,0.15,0.1,0.03,0.03,0.02,0.96,0.03,0.02,0.77,0.06,0.04,0.56,0.05,0.02
642eb06761bb656e3eb3ee36,0,bootstrap-putra,S2,train,pseudo,True,False,jev-1.13.0,req_01a106d24f1c7cdba1603049e3507487,200,1222,345,5.1324000000000005e-05,274.6576659847051,,0.06,0.02,0.03,0.67,0.81,0.11,0.02,0.03,0.05,0.05,0.06,0.47,0.13,0.24,0.38,0.16,0.04
642eb1e961bb656e3eb3ee3c,0,bootstrap-putra,S2,train,pseudo,True,False,jev-1.13.0,req_01a106d24efa7aa28043b5653e811aa7,200,2412,345,0.000101304,280.2813329908531,,0.14,0.02,0.04,0.56,0.15,0.05,0.09,0.03,0.96,0.02,0.03,0.8,0.13,0.1,0.49,0.97,0.87
642eb21861bb656e3eb3ee3f,0,bootstrap-putra,S2,train,pseudo,True,False,jev-1.13.0,req_01a106d2565c7354969da07f7d30a5ee,200,1275,345,5.355000000000001e-05,308.23254099232145,,0.02,0.02,0.03,0.05,0.03,0.13,0.02,0.01,0.18,0.01,0.02,0.36,0.09,0.07,0.1,0.05,0.01
642eb2f161bb656e3eb3ee41,0,bootstrap-putra,S2,train,pseudo,True,False,jev-1.13.0,req_01a106d2542d79f298dbe3637b8f4ddd,200,1551,345,6.514200000000001e-05,250.71716698585078,,0.04,0.02,0.03,0.24,0.11,0.06,0.07,0.01,0.1,0.07,0.06,0.08,0.09,0.22,0.12,0.58,0.08
