dropped,cv_auroc,delta
q_language_brand_mismatch,0.9520408163265307,-0.024489795918367308
q_form_offsite,0.9600000000000001,-0.016530612244897935
q_direct,0.9622448979591837,-0.014285714285714346
q_external_favicon,0.973265306122449,-0.0032653061224490187
q_brand_domain_mismatch,0.9746938775510204,-0.001836734693877573
q_shell_page,0.9753061224489795,-0.001224489795918493
q_suspicious_url_shape,0.9753061224489795,-0.001224489795918493
q_brand_in_url_not_domain,0.9755102040816327,-0.0010204081632653184
q_obfuscated_scripts,0.9757142857142858,-0.0008163265306122547
q_ip_or_freehost,0.9761224489795918,-0.00040816326530623837
(none),0.976530612244898,0.0
q_urgency,0.976530612244898,0.0
q_reward_bait,0.9767346938775512,0.0002040816326531747
q_collects_credentials,0.9769387755102041,0.00040816326530612734
q_cloned_assets,0.9783673469387756,0.001836734693877573
q_missing_legitimacy,0.9793877551020409,0.0028571428571428914
