question,importance
q_direct,17.371075228197185
q_brand_domain_mismatch,15.682491944991595
q_ocr_brand_mismatch,13.565694430926904
q_suspicious_url_shape,10.40866883180006
q_language_brand_mismatch,6.9376285347077165
q_ocr_login_prompt,5.695671712147979
q_cloned_assets,5.176380158758042
q_ip_or_freehost,4.491372485746758
q_shell_page,3.3835673986341144
q_external_favicon,3.3565800686514935
q_missing_legitimacy,2.5375260133781423
q_urgency,2.287855297030336
q_brand_in_url_not_domain,1.9695767668584914
q_collects_credentials,1.8729217150149733
q_reward_bait,1.8509491061097412
q_obfuscated_scripts,1.7523357430510051
q_form_offsite,1.65970456399546
