rule,auroc_test,fire_rate_phish,fire_rate_benign
r_collects_credentials,0.4833333333333333,0.3333333333333333,0.36666666666666664
r_form_offsite,0.55,0.13333333333333333,0.03333333333333333
r_brand_domain_mismatch,0.55,0.6333333333333333,0.5333333333333333
r_brand_in_url_not_domain,0.4166666666666667,0.0,0.16666666666666666
r_ip_or_freehost,0.65,0.36666666666666664,0.06666666666666667
r_urgency,,0.0,0.0
r_reward_bait,,0.0,0.0
r_obfuscated_scripts,0.43333333333333335,0.4666666666666667,0.6
r_external_favicon,0.55,0.3,0.2
r_shell_page,0.4,0.16666666666666666,0.36666666666666664
r_missing_legitimacy,0.3833333333333333,0.7333333333333333,0.9666666666666667
r_suspicious_url_shape,0.41666666666666663,0.13333333333333333,0.3
r_cloned_assets,0.2833333333333333,0.5,0.9333333333333333
