grid_point,get_s,render_s,ocr_s,ordering,seconds,ordering_changed,score,stages,split_source
0,0.5,2.0,0.3,"S0 alone (direct) < cascade S0->S1->S2 band [0.15,0.5] esc<=0.25 (direct) < cascade S0->S1->S2 band [0.15,0.5] esc<=0.5 (direct) < cascade S0->S1->S2 band [0.1,0.5] esc<=0.75 (direct) < S1 alone (direct) < S2 alone (direct) < cascade S0->S1->S2 band [0.05,0.5] (direct)","S0 alone (direct)=0.28|cascade S0->S1->S2 band [0.15,0.5] esc<=0.25 (direct)=1.15|cascade S0->S1->S2 band [0.15,0.5] esc<=0.5 (direct)=1.15|cascade S0->S1->S2 band [0.1,0.5] esc<=0.75 (direct)=2.03|S1 alone (direct)=2.29|S2 alone (direct)=2.59|cascade S0->S1->S2 band [0.05,0.5] (direct)=4.02",False,direct,S0-S1-S2,pseudo
1,0.5,2.0,1.0,"S0 alone (direct) < cascade S0->S1->S2 band [0.15,0.5] esc<=0.25 (direct) < cascade S0->S1->S2 band [0.15,0.5] esc<=0.5 (direct) < cascade S0->S1->S2 band [0.1,0.5] esc<=0.75 (direct) < S1 alone (direct) < S2 alone (direct) < cascade S0->S1->S2 band [0.05,0.5] (direct)","S0 alone (direct)=0.28|cascade S0->S1->S2 band [0.15,0.5] esc<=0.25 (direct)=1.20|cascade S0->S1->S2 band [0.15,0.5] esc<=0.5 (direct)=1.20|cascade S0->S1->S2 band [0.1,0.5] esc<=0.75 (direct)=2.12|S1 alone (direct)=2.29|S2 alone (direct)=3.29|cascade S0->S1->S2 band [0.05,0.5] (direct)=4.42",False,direct,S0-S1-S2,pseudo
2,0.5,2.0,2.0,"S0 alone (direct) < cascade S0->S1->S2 band [0.15,0.5] esc<=0.25 (direct) < cascade S0->S1->S2 band [0.15,0.5] esc<=0.5 (direct) < cascade S0->S1->S2 band [0.1,0.5] esc<=0.75 (direct) < S1 alone (direct) < S2 alone (direct) < cascade S0->S1->S2 band [0.05,0.5] (direct)","S0 alone (direct)=0.28|cascade S0->S1->S2 band [0.15,0.5] esc<=0.25 (direct)=1.26|cascade S0->S1->S2 band [0.15,0.5] esc<=0.5 (direct)=1.26|cascade S0->S1->S2 band [0.1,0.5] esc<=0.75 (direct)=2.24|S1 alone (direct)=2.29|S2 alone (direct)=4.29|cascade S0->S1->S2 band [0.05,0.5] (direct)=4.98",False,direct,S0-S1-S2,pseudo
3,0.5,5.0,0.3,"S0 alone (direct) < cascade S0->S1->S2 band [0.15,0.5] esc<=0.25 (direct) < cascade S0->S1->S2 band [0.15,0.5] esc<=0.5 (direct) < cascade S0->S1->S2 band [0.1,0.5] esc<=0.75 (direct) < S1 alone (direct) < S2 alone (direct) < cascade S0->S1->S2 band [0.05,0.5] (direct)","S0 alone (direct)=0.28|cascade S0->S1->S2 band [0.15,0.5] esc<=0.25 (direct)=2.28|cascade S0->S1->S2 band [0.15,0.5] esc<=0.5 (direct)=2.28|cascade S0->S1->S2 band [0.1,0.5] esc<=0.75 (direct)=4.28|S1 alone (direct)=5.29|S2 alone (direct)=5.59|cascade S0->S1->S2 band [0.05,0.5] (direct)=8.71",False,direct,S0-S1-S2,pseudo
4,0.5,5.0,1.0,"S0 alone (direct) < cascade S0->S1->S2 band [0.15,0.5] esc<=0.25 (direct) < cascade S0->S1->S2 band [0.15,0.5] esc<=0.5 (direct) < cascade S0->S1->S2 band [0.1,0.5] esc<=0.75 (direct) < S1 alone (direct) < S2 alone (direct) < cascade S0->S1->S2 band [0.05,0.5] (direct)","S0 alone (direct)=0.28|cascade S0->S1->S2 band [0.15,0.5] esc<=0.25 (direct)=2.32|cascade S0->S1->S2 band [0.15,0.5] esc<=0.5 (direct)=2.32|cascade S0->S1->S2 band [0.1,0.5] esc<=0.75 (direct)=4.37|S1 alone (direct)=5.29|S2 alone (direct)=6.29|cascade S0->S1->S2 band [0.05,0.5] (direct)=9.10",False,direct,S0-S1-S2,pseudo
5,0.5,5.0,2.0,"S0 alone (direct) < cascade S0->S1->S2 band [0.15,0.5] esc<=0.25 (direct) < cascade S0->S1->S2 band [0.15,0.5] esc<=0.5 (direct) < cascade S0->S1->S2 band [0.1,0.5] esc<=0.75 (direct) < S1 alone (direct) < S2 alone (direct) < cascade S0->S1->S2 band [0.05,0.5] (direct)","S0 alone (direct)=0.28|cascade S0->S1->S2 band [0.15,0.5] esc<=0.25 (direct)=2.39|cascade S0->S1->S2 band [0.15,0.5] esc<=0.5 (direct)=2.39|cascade S0->S1->S2 band [0.1,0.5] esc<=0.75 (direct)=4.49|S1 alone (direct)=5.29|S2 alone (direct)=7.29|cascade S0->S1->S2 band [0.05,0.5] (direct)=9.67",False,direct,S0-S1-S2,pseudo
6,0.5,10.0,0.3,"S0 alone (direct) < cascade S0->S1->S2 band [0.15,0.5] esc<=0.25 (direct) < cascade S0->S1->S2 band [0.15,0.5] esc<=0.5 (direct) < cascade S0->S1->S2 band [0.1,0.5] esc<=0.75 (direct) < S1 alone (direct) < S2 alone (direct) < cascade S0->S1->S2 band [0.05,0.5] (direct)","S0 alone (direct)=0.28|cascade S0->S1->S2 band [0.15,0.5] esc<=0.25 (direct)=4.15|cascade S0->S1->S2 band [0.15,0.5] esc<=0.5 (direct)=4.15|cascade S0->S1->S2 band [0.1,0.5] esc<=0.75 (direct)=8.03|S1 alone (direct)=10.29|S2 alone (direct)=10.59|cascade S0->S1->S2 band [0.05,0.5] (direct)=16.52",False,direct,S0-S1-S2,pseudo
7,0.5,10.0,1.0,"S0 alone (direct) < cascade S0->S1->S2 band [0.15,0.5] esc<=0.25 (direct) < cascade S0->S1->S2 band [0.15,0.5] esc<=0.5 (direct) < cascade S0->S1->S2 band [0.1,0.5] esc<=0.75 (direct) < S1 alone (direct) < S2 alone (direct) < cascade S0->S1->S2 band [0.05,0.5] (direct)","S0 alone (direct)=0.28|cascade S0->S1->S2 band [0.15,0.5] esc<=0.25 (direct)=4.20|cascade S0->S1->S2 band [0.15,0.5] esc<=0.5 (direct)=4.20|cascade S0->S1->S2 band [0.1,0.5] esc<=0.75 (direct)=8.12|S1 alone (direct)=10.29|S2 alone (direct)=11.29|cascade S0->S1->S2 band [0.05,0.5] (direct)=16.92",False,direct,S0-S1-S2,pseudo
8,0.5,10.0,2.0,"S0 alone (direct) < cascade S0->S1->S2 band [0.15,0.5] esc<=0.25 (direct) < cascade S0->S1->S2 band [0.15,0.5] esc<=0.5 (direct) < cascade S0->S1->S2 band [0.1,0.5] esc<=0.75 (direct) < S1 alone (direct) < S2 alone (direct) < cascade S0->S1->S2 band [0.05,0.5] (direct)","S0 alone (direct)=0.28|cascade S0->S1->S2 band [0.15,0.5] esc<=0.25 (direct)=4.26|cascade S0->S1->S2 band [0.15,0.5] esc<=0.5 (direct)=4.26|cascade S0->S1->S2 band [0.1,0.5] esc<=0.75 (direct)=8.24|S1 alone (direct)=10.29|S2 alone (direct)=12.29|cascade S0->S1->S2 band [0.05,0.5] (direct)=17.48",False,direct,S0-S1-S2,pseudo
9,1.5,2.0,0.3,"S0 alone (direct) < cascade S0->S1->S2 band [0.15,0.5] esc<=0.25 (direct) < cascade S0->S1->S2 band [0.15,0.5] esc<=0.5 (direct) < cascade S0->S1->S2 band [0.1,0.5] esc<=0.75 (direct) < S1 alone (direct) < S2 alone (direct) < cascade S0->S1->S2 band [0.05,0.5] (direct)","S0 alone (direct)=0.28|cascade S0->S1->S2 band [0.15,0.5] esc<=0.25 (direct)=1.15|cascade S0->S1->S2 band [0.15,0.5] esc<=0.5 (direct)=1.15|cascade S0->S1->S2 band [0.1,0.5] esc<=0.75 (direct)=2.03|S1 alone (direct)=2.29|S2 alone (direct)=2.59|cascade S0->S1->S2 band [0.05,0.5] (direct)=4.02",False,direct,S0-S1-S2,pseudo
10,1.5,2.0,1.0,"S0 alone (direct) < cascade S0->S1->S2 band [0.15,0.5] esc<=0.25 (direct) < cascade S0->S1->S2 band [0.15,0.5] esc<=0.5 (direct) < cascade S0->S1->S2 band [0.1,0.5] esc<=0.75 (direct) < S1 alone (direct) < S2 alone (direct) < cascade S0->S1->S2 band [0.05,0.5] (direct)","S0 alone (direct)=0.28|cascade S0->S1->S2 band [0.15,0.5] esc<=0.25 (direct)=1.20|cascade S0->S1->S2 band [0.15,0.5] esc<=0.5 (direct)=1.20|cascade S0->S1->S2 band [0.1,0.5] esc<=0.75 (direct)=2.12|S1 alone (direct)=2.29|S2 alone (direct)=3.29|cascade S0->S1->S2 band [0.05,0.5] (direct)=4.42",False,direct,S0-S1-S2,pseudo
11,1.5,2.0,2.0,"S0 alone (direct) < cascade S0->S1->S2 band [0.15,0.5] esc<=0.25 (direct) < cascade S0->S1->S2 band [0.15,0.5] esc<=0.5 (direct) < cascade S0->S1->S2 band [0.1,0.5] esc<=0.75 (direct) < S1 alone (direct) < S2 alone (direct) < cascade S0->S1->S2 band [0.05,0.5] (direct)","S0 alone (direct)=0.28|cascade S0->S1->S2 band [0.15,0.5] esc<=0.25 (direct)=1.26|cascade S0->S1->S2 band [0.15,0.5] esc<=0.5 (direct)=1.26|cascade S0->S1->S2 band [0.1,0.5] esc<=0.75 (direct)=2.24|S1 alone (direct)=2.29|S2 alone (direct)=4.29|cascade S0->S1->S2 band [0.05,0.5] (direct)=4.98",False,direct,S0-S1-S2,pseudo
12,1.5,5.0,0.3,"S0 alone (direct) < cascade S0->S1->S2 band [0.15,0.5] esc<=0.25 (direct) < cascade S0->S1->S2 band [0.15,0.5] esc<=0.5 (direct) < cascade S0->S1->S2 band [0.1,0.5] esc<=0.75 (direct) < S1 alone (direct) < S2 alone (direct) < cascade S0->S1->S2 band [0.05,0.5] (direct)","S0 alone (direct)=0.28|cascade S0->S1->S2 band [0.15,0.5] esc<=0.25 (direct)=2.28|cascade S0->S1->S2 band [0.15,0.5] esc<=0.5 (direct)=2.28|cascade S0->S1->S2 band [0.1,0.5] esc<=0.75 (direct)=4.28|S1 alone (direct)=5.29|S2 alone (direct)=5.59|cascade S0->S1->S2 band [0.05,0.5] (direct)=8.71",False,direct,S0-S1-S2,pseudo
13,1.5,5.0,1.0,"S0 alone (direct) < cascade S0->S1->S2 band [0.15,0.5] esc<=0.25 (direct) < cascade S0->S1->S2 band [0.15,0.5] esc<=0.5 (direct) < cascade S0->S1->S2 band [0.1,0.5] esc<=0.75 (direct) < S1 alone (direct) < S2 alone (direct) < cascade S0->S1->S2 band [0.05,0.5] (direct)","S0 alone (direct)=0.28|cascade S0->S1->S2 band [0.15,0.5] esc<=0.25 (direct)=2.32|cascade S0->S1->S2 band [0.15,0.5] esc<=0.5 (direct)=2.32|cascade S0->S1->S2 band [0.1,0.5] esc<=0.75 (direct)=4.37|S1 alone (direct)=5.29|S2 alone (direct)=6.29|cascade S0->S1->S2 band [0.05,0.5] (direct)=9.10",False,direct,S0-S1-S2,pseudo
14,1.5,5.0,2.0,"S0 alone (direct) < cascade S0->S1->S2 band [0.15,0.5] esc<=0.25 (direct) < cascade S0->S1->S2 band [0.15,0.5] esc<=0.5 (direct) < cascade S0->S1->S2 band [0.1,0.5] esc<=0.75 (direct) < S1 alone (direct) < S2 alone (direct) < cascade S0->S1->S2 band [0.05,0.5] (direct)","S0 alone (direct)=0.28|cascade S0->S1->S2 band [0.15,0.5] esc<=0.25 (direct)=2.39|cascade S0->S1->S2 band [0.15,0.5] esc<=0.5 (direct)=2.39|cascade S0->S1->S2 band [0.1,0.5] esc<=0.75 (direct)=4.49|S1 alone (direct)=5.29|S2 alone (direct)=7.29|cascade S0->S1->S2 band [0.05,0.5] (direct)=9.67",False,direct,S0-S1-S2,pseudo
15,1.5,10.0,0.3,"S0 alone (direct) < cascade S0->S1->S2 band [0.15,0.5] esc<=0.25 (direct) < cascade S0->S1->S2 band [0.15,0.5] esc<=0.5 (direct) < cascade S0->S1->S2 band [0.1,0.5] esc<=0.75 (direct) < S1 alone (direct) < S2 alone (direct) < cascade S0->S1->S2 band [0.05,0.5] (direct)","S0 alone (direct)=0.28|cascade S0->S1->S2 band [0.15,0.5] esc<=0.25 (direct)=4.15|cascade S0->S1->S2 band [0.15,0.5] esc<=0.5 (direct)=4.15|cascade S0->S1->S2 band [0.1,0.5] esc<=0.75 (direct)=8.03|S1 alone (direct)=10.29|S2 alone (direct)=10.59|cascade S0->S1->S2 band [0.05,0.5] (direct)=16.52",False,direct,S0-S1-S2,pseudo
16,1.5,10.0,1.0,"S0 alone (direct) < cascade S0->S1->S2 band [0.15,0.5] esc<=0.25 (direct) < cascade S0->S1->S2 band [0.15,0.5] esc<=0.5 (direct) < cascade S0->S1->S2 band [0.1,0.5] esc<=0.75 (direct) < S1 alone (direct) < S2 alone (direct) < cascade S0->S1->S2 band [0.05,0.5] (direct)","S0 alone (direct)=0.28|cascade S0->S1->S2 band [0.15,0.5] esc<=0.25 (direct)=4.20|cascade S0->S1->S2 band [0.15,0.5] esc<=0.5 (direct)=4.20|cascade S0->S1->S2 band [0.1,0.5] esc<=0.75 (direct)=8.12|S1 alone (direct)=10.29|S2 alone (direct)=11.29|cascade S0->S1->S2 band [0.05,0.5] (direct)=16.92",False,direct,S0-S1-S2,pseudo
17,1.5,10.0,2.0,"S0 alone (direct) < cascade S0->S1->S2 band [0.15,0.5] esc<=0.25 (direct) < cascade S0->S1->S2 band [0.15,0.5] esc<=0.5 (direct) < cascade S0->S1->S2 band [0.1,0.5] esc<=0.75 (direct) < S1 alone (direct) < S2 alone (direct) < cascade S0->S1->S2 band [0.05,0.5] (direct)","S0 alone (direct)=0.28|cascade S0->S1->S2 band [0.15,0.5] esc<=0.25 (direct)=4.26|cascade S0->S1->S2 band [0.15,0.5] esc<=0.5 (direct)=4.26|cascade S0->S1->S2 band [0.1,0.5] esc<=0.75 (direct)=8.24|S1 alone (direct)=10.29|S2 alone (direct)=12.29|cascade S0->S1->S2 band [0.05,0.5] (direct)=17.48",False,direct,S0-S1-S2,pseudo
18,3.0,2.0,0.3,"S0 alone (direct) < cascade S0->S1->S2 band [0.15,0.5] esc<=0.25 (direct) < cascade S0->S1->S2 band [0.15,0.5] esc<=0.5 (direct) < cascade S0->S1->S2 band [0.1,0.5] esc<=0.75 (direct) < S1 alone (direct) < S2 alone (direct) < cascade S0->S1->S2 band [0.05,0.5] (direct)","S0 alone (direct)=0.28|cascade S0->S1->S2 band [0.15,0.5] esc<=0.25 (direct)=1.15|cascade S0->S1->S2 band [0.15,0.5] esc<=0.5 (direct)=1.15|cascade S0->S1->S2 band [0.1,0.5] esc<=0.75 (direct)=2.03|S1 alone (direct)=2.29|S2 alone (direct)=2.59|cascade S0->S1->S2 band [0.05,0.5] (direct)=4.02",False,direct,S0-S1-S2,pseudo
19,3.0,2.0,1.0,"S0 alone (direct) < cascade S0->S1->S2 band [0.15,0.5] esc<=0.25 (direct) < cascade S0->S1->S2 band [0.15,0.5] esc<=0.5 (direct) < cascade S0->S1->S2 band [0.1,0.5] esc<=0.75 (direct) < S1 alone (direct) < S2 alone (direct) < cascade S0->S1->S2 band [0.05,0.5] (direct)","S0 alone (direct)=0.28|cascade S0->S1->S2 band [0.15,0.5] esc<=0.25 (direct)=1.20|cascade S0->S1->S2 band [0.15,0.5] esc<=0.5 (direct)=1.20|cascade S0->S1->S2 band [0.1,0.5] esc<=0.75 (direct)=2.12|S1 alone (direct)=2.29|S2 alone (direct)=3.29|cascade S0->S1->S2 band [0.05,0.5] (direct)=4.42",False,direct,S0-S1-S2,pseudo
20,3.0,2.0,2.0,"S0 alone (direct) < cascade S0->S1->S2 band [0.15,0.5] esc<=0.25 (direct) < cascade S0->S1->S2 band [0.15,0.5] esc<=0.5 (direct) < cascade S0->S1->S2 band [0.1,0.5] esc<=0.75 (direct) < S1 alone (direct) < S2 alone (direct) < cascade S0->S1->S2 band [0.05,0.5] (direct)","S0 alone (direct)=0.28|cascade S0->S1->S2 band [0.15,0.5] esc<=0.25 (direct)=1.26|cascade S0->S1->S2 band [0.15,0.5] esc<=0.5 (direct)=1.26|cascade S0->S1->S2 band [0.1,0.5] esc<=0.75 (direct)=2.24|S1 alone (direct)=2.29|S2 alone (direct)=4.29|cascade S0->S1->S2 band [0.05,0.5] (direct)=4.98",False,direct,S0-S1-S2,pseudo
21,3.0,5.0,0.3,"S0 alone (direct) < cascade S0->S1->S2 band [0.15,0.5] esc<=0.25 (direct) < cascade S0->S1->S2 band [0.15,0.5] esc<=0.5 (direct) < cascade S0->S1->S2 band [0.1,0.5] esc<=0.75 (direct) < S1 alone (direct) < S2 alone (direct) < cascade S0->S1->S2 band [0.05,0.5] (direct)","S0 alone (direct)=0.28|cascade S0->S1->S2 band [0.15,0.5] esc<=0.25 (direct)=2.28|cascade S0->S1->S2 band [0.15,0.5] esc<=0.5 (direct)=2.28|cascade S0->S1->S2 band [0.1,0.5] esc<=0.75 (direct)=4.28|S1 alone (direct)=5.29|S2 alone (direct)=5.59|cascade S0->S1->S2 band [0.05,0.5] (direct)=8.71",False,direct,S0-S1-S2,pseudo
22,3.0,5.0,1.0,"S0 alone (direct) < cascade S0->S1->S2 band [0.15,0.5] esc<=0.25 (direct) < cascade S0->S1->S2 band [0.15,0.5] esc<=0.5 (direct) < cascade S0->S1->S2 band [0.1,0.5] esc<=0.75 (direct) < S1 alone (direct) < S2 alone (direct) < cascade S0->S1->S2 band [0.05,0.5] (direct)","S0 alone (direct)=0.28|cascade S0->S1->S2 band [0.15,0.5] esc<=0.25 (direct)=2.32|cascade S0->S1->S2 band [0.15,0.5] esc<=0.5 (direct)=2.32|cascade S0->S1->S2 band [0.1,0.5] esc<=0.75 (direct)=4.37|S1 alone (direct)=5.29|S2 alone (direct)=6.29|cascade S0->S1->S2 band [0.05,0.5] (direct)=9.10",False,direct,S0-S1-S2,pseudo
23,3.0,5.0,2.0,"S0 alone (direct) < cascade S0->S1->S2 band [0.15,0.5] esc<=0.25 (direct) < cascade S0->S1->S2 band [0.15,0.5] esc<=0.5 (direct) < cascade S0->S1->S2 band [0.1,0.5] esc<=0.75 (direct) < S1 alone (direct) < S2 alone (direct) < cascade S0->S1->S2 band [0.05,0.5] (direct)","S0 alone (direct)=0.28|cascade S0->S1->S2 band [0.15,0.5] esc<=0.25 (direct)=2.39|cascade S0->S1->S2 band [0.15,0.5] esc<=0.5 (direct)=2.39|cascade S0->S1->S2 band [0.1,0.5] esc<=0.75 (direct)=4.49|S1 alone (direct)=5.29|S2 alone (direct)=7.29|cascade S0->S1->S2 band [0.05,0.5] (direct)=9.67",False,direct,S0-S1-S2,pseudo
24,3.0,10.0,0.3,"S0 alone (direct) < cascade S0->S1->S2 band [0.15,0.5] esc<=0.25 (direct) < cascade S0->S1->S2 band [0.15,0.5] esc<=0.5 (direct) < cascade S0->S1->S2 band [0.1,0.5] esc<=0.75 (direct) < S1 alone (direct) < S2 alone (direct) < cascade S0->S1->S2 band [0.05,0.5] (direct)","S0 alone (direct)=0.28|cascade S0->S1->S2 band [0.15,0.5] esc<=0.25 (direct)=4.15|cascade S0->S1->S2 band [0.15,0.5] esc<=0.5 (direct)=4.15|cascade S0->S1->S2 band [0.1,0.5] esc<=0.75 (direct)=8.03|S1 alone (direct)=10.29|S2 alone (direct)=10.59|cascade S0->S1->S2 band [0.05,0.5] (direct)=16.52",False,direct,S0-S1-S2,pseudo
25,3.0,10.0,1.0,"S0 alone (direct) < cascade S0->S1->S2 band [0.15,0.5] esc<=0.25 (direct) < cascade S0->S1->S2 band [0.15,0.5] esc<=0.5 (direct) < cascade S0->S1->S2 band [0.1,0.5] esc<=0.75 (direct) < S1 alone (direct) < S2 alone (direct) < cascade S0->S1->S2 band [0.05,0.5] (direct)","S0 alone (direct)=0.28|cascade S0->S1->S2 band [0.15,0.5] esc<=0.25 (direct)=4.20|cascade S0->S1->S2 band [0.15,0.5] esc<=0.5 (direct)=4.20|cascade S0->S1->S2 band [0.1,0.5] esc<=0.75 (direct)=8.12|S1 alone (direct)=10.29|S2 alone (direct)=11.29|cascade S0->S1->S2 band [0.05,0.5] (direct)=16.92",False,direct,S0-S1-S2,pseudo
26,3.0,10.0,2.0,"S0 alone (direct) < cascade S0->S1->S2 band [0.15,0.5] esc<=0.25 (direct) < cascade S0->S1->S2 band [0.15,0.5] esc<=0.5 (direct) < cascade S0->S1->S2 band [0.1,0.5] esc<=0.75 (direct) < S1 alone (direct) < S2 alone (direct) < cascade S0->S1->S2 band [0.05,0.5] (direct)","S0 alone (direct)=0.28|cascade S0->S1->S2 band [0.15,0.5] esc<=0.25 (direct)=4.26|cascade S0->S1->S2 band [0.15,0.5] esc<=0.5 (direct)=4.26|cascade S0->S1->S2 band [0.1,0.5] esc<=0.75 (direct)=8.24|S1 alone (direct)=10.29|S2 alone (direct)=12.29|cascade S0->S1->S2 band [0.05,0.5] (direct)=17.48",False,direct,S0-S1-S2,pseudo
