t_low,t_high,n,n_pos,threshold,f1,precision,recall,accuracy,auroc,auprc,mean_usd_per_site,usd_per_1000,mean_seconds_per_site,stop_S3,stop_S0,stop_S1,stop_,ppv_at_1pct,evidence_seconds_source
0.05,0.5,136,70,0.5,0.660377358490566,0.9722222222222222,0.5,0.7352941176470589,0.9412337662337663,0.9491345981990287,0.00020446256000000005,0.20446256000000004,4.5820321573001985,0.40714285714285714,0.4,0.16428571428571428,0.02857142857142857,0.2504449480833854,placeholder
0.05,0.55,136,70,0.5,0.6407766990291263,1.0,0.4714285714285714,0.7279411764705882,0.9452380952380953,0.9559895333477522,0.0002156854421052632,0.2156854421052632,4.736160876289495,0.4357142857142857,0.39285714285714285,0.14285714285714285,0.02857142857142857,1.0,placeholder
0.05,0.6,136,70,0.5,0.6407766990291263,1.0,0.4714285714285714,0.7279411764705882,0.9452380952380953,0.9559895333477522,0.00021838515263157898,0.21838515263157898,4.7670653216060455,0.44285714285714284,0.39285714285714285,0.1357142857142857,0.02857142857142857,1.0,placeholder
0.05,0.65,136,70,0.5,0.6138613861386139,1.0,0.44285714285714284,0.7132352941176471,0.9452380952380953,0.9559895333477522,0.00022463265368421055,0.22463265368421054,4.889896087685339,0.45714285714285713,0.37857142857142856,0.1357142857142857,0.02857142857142857,1.0,placeholder
0.05,0.7,136,70,0.5,0.6,1.0,0.42857142857142855,0.7058823529411765,0.9452380952380952,0.9559895333477524,0.00023045611473684216,0.23045611473684216,4.982215916041536,0.4714285714285714,0.37142857142857144,0.12857142857142856,0.02857142857142857,1.0,placeholder
0.05,0.75,136,70,0.5,0.6,1.0,0.42857142857142855,0.7058823529411765,0.9452380952380953,0.9559895333477524,0.00023670361578947375,0.23670361578947374,5.105046682120828,0.4857142857142857,0.35714285714285715,0.12857142857142856,0.02857142857142857,1.0,placeholder
0.05,0.8,136,70,0.5,0.6,1.0,0.42857142857142855,0.7058823529411765,0.9452380952380953,0.9559895333477523,0.0002394033263157895,0.2394033263157895,5.135951127437378,0.4928571428571429,0.35714285714285715,0.12142857142857143,0.02857142857142857,1.0,placeholder
0.05,0.85,136,70,0.5,0.6,1.0,0.42857142857142855,0.7058823529411765,0.9452380952380953,0.9559895333477523,0.00024750245789473686,0.24750245789473685,5.228664463387031,0.5142857142857142,0.35714285714285715,0.1,0.02857142857142857,1.0,placeholder
0.05,0.9,136,70,0.5,0.5858585858585859,1.0,0.4142857142857143,0.6985294117647058,0.9452380952380952,0.9559895333477524,0.0002583013,0.2583013,5.3522822446532325,0.5428571428571428,0.35714285714285715,0.07142857142857142,0.02857142857142857,1.0,placeholder
0.05,0.95,136,70,0.5,0.5858585858585859,1.0,0.4142857142857143,0.6985294117647058,0.9452380952380953,0.9559895333477523,0.00026910014210526314,0.2691001421052631,5.475900025919434,0.5714285714285714,0.35714285714285715,0.04285714285714286,0.02857142857142857,1.0,placeholder
0.1,0.5,140,70,0.5,0.5510204081632653,0.9642857142857143,0.38571428571428573,0.6857142857142857,0.9152040816326531,0.9145247014037897,0.00011445330526315793,0.11445330526315793,2.679335805851523,0.20714285714285716,0.6428571428571429,0.15,,0.21355876092738046,placeholder
0.1,0.55,140,70,0.5,0.5263157894736842,1.0,0.35714285714285715,0.6785714285714286,0.9181632653061224,0.9215099551242117,0.00012297647684210528,0.12297647684210528,2.8025600795242704,0.22857142857142856,0.6357142857142857,0.1357142857142857,,1.0,placeholder
0.1,0.6,140,70,0.5,0.5263157894736842,1.0,0.35714285714285715,0.6785714285714286,0.9181632653061224,0.9215099551242119,0.0001256761873684211,0.1256761873684211,2.833464524840821,0.2357142857142857,0.6357142857142857,0.12857142857142856,,1.0,placeholder
0.1,0.65,140,70,0.5,0.4946236559139785,1.0,0.32857142857142857,0.6642857142857143,0.9181632653061224,0.9215099551242117,0.00013192368842105266,0.13192368842105265,2.9562952909201137,0.25,0.6214285714285714,0.12857142857142856,,1.0,placeholder
0.1,0.7,140,70,0.5,0.4782608695652174,1.0,0.3142857142857143,0.6571428571428571,0.9181632653061224,0.9215099551242117,0.00013774714947368424,0.13774714947368424,3.048615119276311,0.2642857142857143,0.6142857142857143,0.12142857142857143,,1.0,placeholder
0.1,0.75,140,70,0.5,0.4782608695652174,1.0,0.3142857142857143,0.6571428571428571,0.9181632653061224,0.9215099551242119,0.00014399465052631583,0.14399465052631583,3.171445885355604,0.2785714285714286,0.6,0.12142857142857143,,1.0,placeholder
0.1,0.8,140,70,0.5,0.4782608695652174,1.0,0.3142857142857143,0.6571428571428571,0.9181632653061224,0.9215099551242119,0.0001466943610526316,0.1466943610526316,3.2023503306721546,0.2857142857142857,0.6,0.11428571428571428,,1.0,placeholder
0.1,0.85,140,70,0.5,0.4782608695652174,1.0,0.3142857142857143,0.6571428571428571,0.9181632653061224,0.9215099551242117,0.00015479349263157897,0.15479349263157896,3.295063666621806,0.30714285714285716,0.6,0.09285714285714286,,1.0,placeholder
0.1,0.9,140,70,0.5,0.4782608695652174,1.0,0.3142857142857143,0.6571428571428571,0.9181632653061224,0.9215099551242119,0.00016289262421052632,0.16289262421052633,3.387777002571457,0.32857142857142857,0.6,0.07142857142857142,,1.0,placeholder
0.1,0.95,140,70,0.5,0.4782608695652174,1.0,0.3142857142857143,0.6571428571428571,0.9181632653061224,0.9215099551242117,0.0001682920452631579,0.16829204526315789,3.449585893204558,0.34285714285714286,0.6,0.05714285714285714,,1.0,placeholder
0.15,0.5,140,70,0.5,0.4090909090909091,1.0,0.2571428571428571,0.6285714285714286,0.9414285714285715,0.937205635570679,4.885454421052631e-05,0.04885454421052631,1.3896127620189491,0.05714285714285714,0.7928571428571428,0.15,,1.0,placeholder
0.15,0.55,140,70,0.5,0.37209302325581395,1.0,0.22857142857142856,0.6142857142857143,0.9414285714285715,0.937205635570679,5.467800526315789e-05,0.05467800526315789,1.4819325903751461,0.07142857142857142,0.7857142857142857,0.14285714285714285,,1.0,placeholder
0.15,0.6,140,70,0.5,0.37209302325581395,1.0,0.22857142857142856,0.6142857142857143,0.9414285714285715,0.937205635570679,5.7377715789473676e-05,0.05737771578947368,1.5128370356916967,0.07857142857142857,0.7857142857142857,0.1357142857142857,,1.0,placeholder
0.15,0.65,140,70,0.5,0.3333333333333333,1.0,0.2,0.6,0.9414285714285715,0.937205635570679,6.362521684210525e-05,0.06362521684210526,1.635667801770989,0.09285714285714286,0.7714285714285715,0.1357142857142857,,1.0,placeholder
0.15,0.7,140,70,0.5,0.3132530120481928,1.0,0.18571428571428572,0.5928571428571429,0.9414285714285715,0.937205635570679,6.944867789473682e-05,0.06944867789473683,1.727987630127186,0.10714285714285714,0.7642857142857142,0.12857142857142856,,1.0,placeholder
0.15,0.75,140,70,0.5,0.3132530120481928,1.0,0.18571428571428572,0.5928571428571429,0.9414285714285715,0.9372056355706793,7.569617894736841e-05,0.07569617894736841,1.8508183962064788,0.12142857142857143,0.75,0.12857142857142856,,1.0,placeholder
0.15,0.8,140,70,0.5,0.3132530120481928,1.0,0.18571428571428572,0.5928571428571429,0.9414285714285715,0.9372056355706793,7.839588947368421e-05,0.07839588947368421,1.8817228415230294,0.12857142857142856,0.75,0.12142857142857143,,1.0,placeholder
0.15,0.85,140,70,0.5,0.3132530120481928,1.0,0.18571428571428572,0.5928571428571429,0.9414285714285715,0.9372056355706793,8.379531052631578e-05,0.08379531052631578,1.9435317321561303,0.14285714285714285,0.75,0.10714285714285714,,1.0,placeholder
0.15,0.9,140,70,0.5,0.3132530120481928,1.0,0.18571428571428572,0.5928571428571429,0.9414285714285715,0.937205635570679,8.919473157894738e-05,0.08919473157894738,2.005340622789231,0.15714285714285714,0.75,0.09285714285714286,,1.0,placeholder
0.15,0.95,140,70,0.5,0.3132530120481928,1.0,0.18571428571428572,0.5928571428571429,0.9414285714285715,0.937205635570679,8.919473157894738e-05,0.08919473157894738,2.005340622789231,0.15714285714285714,0.75,0.09285714285714286,,1.0,placeholder
0.2,0.5,140,70,0.5,0.2926829268292683,1.0,0.17142857142857143,0.5857142857142857,0.936530612244898,0.9312446416760093,3.609097263157895e-05,0.03609097263157895,0.9612791111152431,0.03571428571428571,0.8714285714285714,0.09285714285714286,,1.0,placeholder
0.2,0.55,140,70,0.5,0.25,1.0,0.14285714285714285,0.5714285714285714,0.9365306122448981,0.9312446416760093,4.1914433684210524e-05,0.04191443368421052,1.05359893947144,0.05,0.8642857142857143,0.08571428571428572,,1.0,placeholder
0.2,0.6,140,70,0.5,0.25,1.0,0.14285714285714285,0.5714285714285714,0.9365306122448981,0.9312446416760093,4.1914433684210524e-05,0.04191443368421052,1.05359893947144,0.05,0.8642857142857143,0.08571428571428572,,1.0,placeholder
0.2,0.65,140,70,0.5,0.20512820512820512,1.0,0.11428571428571428,0.5571428571428572,0.936530612244898,0.9312446416760091,4.2762513684210526e-05,0.042762513684210524,1.1146208149176318,0.05,0.85,0.1,,1.0,placeholder
0.2,0.7,140,70,0.5,0.18181818181818182,1.0,0.1,0.55,0.936530612244898,0.9312446416760092,4.318655368421053e-05,0.04318655368421053,1.1451317526407276,0.05,0.8428571428571429,0.10714285714285714,,1.0,placeholder
0.2,0.75,140,70,0.5,0.18181818181818182,1.0,0.1,0.55,0.936530612244898,0.9312446416760091,4.94340547368421e-05,0.0494340547368421,1.2679625187200205,0.06428571428571428,0.8285714285714286,0.10714285714285714,,1.0,placeholder
0.2,0.8,140,70,0.5,0.18181818181818182,1.0,0.1,0.55,0.936530612244898,0.9312446416760091,4.94340547368421e-05,0.0494340547368421,1.2679625187200205,0.06428571428571428,0.8285714285714286,0.10714285714285714,,1.0,placeholder
0.2,0.85,140,70,0.5,0.18181818181818182,1.0,0.1,0.55,0.936530612244898,0.9312446416760091,5.213376526315789e-05,0.05213376526315789,1.298866964036571,0.07142857142857142,0.8285714285714286,0.1,,1.0,placeholder
0.2,0.9,140,70,0.5,0.18181818181818182,1.0,0.1,0.55,0.936530612244898,0.9312446416760092,5.483347578947368e-05,0.05483347578947368,1.3297714093531214,0.07857142857142857,0.8285714285714286,0.09285714285714286,,1.0,placeholder
0.2,0.95,140,70,0.5,0.18181818181818182,1.0,0.1,0.55,0.936530612244898,0.9312446416760092,5.483347578947368e-05,0.05483347578947368,1.3297714093531214,0.07857142857142857,0.8285714285714286,0.09285714285714286,,1.0,placeholder
0.25,0.5,140,70,0.5,0.2716049382716049,1.0,0.15714285714285714,0.5785714285714286,0.9369387755102041,0.932089821831534,2.857135157894737e-05,0.02857135157894737,0.7469155318666626,0.02142857142857143,0.9071428571428571,0.07142857142857142,,1.0,placeholder
0.25,0.55,140,70,0.5,0.22784810126582278,1.0,0.12857142857142856,0.5642857142857143,0.9369387755102041,0.932089821831534,3.439481263157895e-05,0.034394812631578946,0.8392353602228594,0.03571428571428571,0.9,0.06428571428571428,,1.0,placeholder
0.25,0.6,140,70,0.5,0.22784810126582278,1.0,0.12857142857142856,0.5642857142857143,0.9369387755102041,0.932089821831534,3.439481263157895e-05,0.034394812631578946,0.8392353602228594,0.03571428571428571,0.9,0.06428571428571428,,1.0,placeholder
0.25,0.65,140,70,0.5,0.18181818181818182,1.0,0.1,0.55,0.9369387755102042,0.9320898218315342,3.524289263157895e-05,0.03524289263157895,0.9002572356690511,0.03571428571428571,0.8857142857142857,0.07857142857142857,,1.0,placeholder
0.25,0.7,140,70,0.5,0.15789473684210525,1.0,0.08571428571428572,0.5428571428571428,0.9369387755102042,0.9320898218315342,3.5666932631578946e-05,0.03566693263157895,0.930768173392147,0.03571428571428571,0.8785714285714286,0.08571428571428572,,1.0,placeholder
0.25,0.75,140,70,0.5,0.15789473684210525,1.0,0.08571428571428572,0.5428571428571428,0.9369387755102042,0.9320898218315341,4.191443368421052e-05,0.041914433684210516,1.05359893947144,0.05,0.8642857142857143,0.08571428571428572,,1.0,placeholder
0.25,0.8,140,70,0.5,0.15789473684210525,1.0,0.08571428571428572,0.5428571428571428,0.9369387755102042,0.9320898218315341,4.191443368421052e-05,0.041914433684210516,1.05359893947144,0.05,0.8642857142857143,0.08571428571428572,,1.0,placeholder
0.25,0.85,140,70,0.5,0.15789473684210525,1.0,0.08571428571428572,0.5428571428571428,0.9369387755102042,0.9320898218315341,4.461414421052631e-05,0.044614144210526306,1.0845033847879904,0.05714285714285714,0.8642857142857143,0.07857142857142857,,1.0,placeholder
0.25,0.9,140,70,0.5,0.15789473684210525,1.0,0.08571428571428572,0.5428571428571428,0.9369387755102042,0.9320898218315342,4.73138547368421e-05,0.047313854736842104,1.115407830104541,0.06428571428571428,0.8642857142857143,0.07142857142857142,,1.0,placeholder
0.25,0.95,140,70,0.5,0.15789473684210525,1.0,0.08571428571428572,0.5428571428571428,0.9369387755102042,0.9320898218315342,4.73138547368421e-05,0.047313854736842104,1.115407830104541,0.06428571428571428,0.8642857142857143,0.07142857142857142,,1.0,placeholder
0.3,0.5,140,70,0.5,0.2716049382716049,1.0,0.15714285714285714,0.5785714285714286,0.9371428571428572,0.9325087629401304,2.7723271578947365e-05,0.027723271578947366,0.6858936564204707,0.02142857142857143,0.9214285714285714,0.05714285714285714,,1.0,placeholder
0.3,0.55,140,70,0.5,0.22784810126582278,1.0,0.12857142857142856,0.5642857142857143,0.9371428571428572,0.9325087629401304,3.0847022105263154e-05,0.030847022105263154,0.7473090394601171,0.02857142857142857,0.9142857142857143,0.05714285714285714,,1.0,placeholder
0.3,0.6,140,70,0.5,0.22784810126582278,1.0,0.12857142857142856,0.5642857142857143,0.9371428571428572,0.9325087629401304,3.0847022105263154e-05,0.030847022105263154,0.7473090394601171,0.02857142857142857,0.9142857142857143,0.05714285714285714,,1.0,placeholder
0.3,0.65,140,70,0.5,0.18181818181818182,1.0,0.1,0.55,0.9371428571428573,0.9325087629401304,3.1695102105263156e-05,0.031695102105263155,0.8083309149063088,0.02857142857142857,0.9,0.07142857142857142,,1.0,placeholder
0.3,0.7,140,70,0.5,0.15789473684210525,1.0,0.08571428571428572,0.5428571428571428,0.9371428571428573,0.9325087629401304,3.211914210526315e-05,0.032119142105263156,0.8388418526294047,0.02857142857142857,0.8928571428571429,0.07857142857142857,,1.0,placeholder
0.3,0.75,140,70,0.5,0.15789473684210525,1.0,0.08571428571428572,0.5428571428571428,0.9371428571428572,0.9325087629401303,3.836664315789473e-05,0.03836664315789473,0.9616726187086976,0.04285714285714286,0.8785714285714286,0.07857142857142857,,1.0,placeholder
0.3,0.8,140,70,0.5,0.15789473684210525,1.0,0.08571428571428572,0.5428571428571428,0.9371428571428572,0.9325087629401303,3.836664315789473e-05,0.03836664315789473,0.9616726187086976,0.04285714285714286,0.8785714285714286,0.07857142857142857,,1.0,placeholder
0.3,0.85,140,70,0.5,0.15789473684210525,1.0,0.08571428571428572,0.5428571428571428,0.9371428571428572,0.9325087629401303,4.106635368421052e-05,0.04106635368421052,0.9925770640252483,0.05,0.8785714285714286,0.07142857142857142,,1.0,placeholder
0.3,0.9,140,70,0.5,0.15789473684210525,1.0,0.08571428571428572,0.5428571428571428,0.9371428571428572,0.9325087629401304,4.3766064210526315e-05,0.04376606421052631,1.0234815093417986,0.05714285714285714,0.8785714285714286,0.06428571428571428,,1.0,placeholder
0.3,0.95,140,70,0.5,0.15789473684210525,1.0,0.08571428571428572,0.5428571428571428,0.9371428571428572,0.9325087629401304,4.3766064210526315e-05,0.04376606421052631,1.0234815093417986,0.05714285714285714,0.8785714285714286,0.06428571428571428,,1.0,placeholder
0.35,0.5,140,70,0.5,0.20512820512820512,1.0,0.11428571428571428,0.5571428571428572,0.9373469387755102,0.9329255852924365,1.835202e-05,0.01835202,0.5016475073015317,,0.9428571428571428,0.05714285714285714,,1.0,placeholder
0.35,0.55,140,70,0.5,0.15789473684210525,1.0,0.08571428571428572,0.5428571428571428,0.9373469387755102,0.9329255852924367,2.1475770526315794e-05,0.021475770526315795,0.5630628903411782,0.007142857142857143,0.9357142857142857,0.05714285714285714,,1.0,placeholder
0.35,0.6,140,70,0.5,0.15789473684210525,1.0,0.08571428571428572,0.5428571428571428,0.9373469387755102,0.9329255852924367,2.1475770526315794e-05,0.021475770526315795,0.5630628903411782,0.007142857142857143,0.9357142857142857,0.05714285714285714,,1.0,placeholder
0.35,0.65,140,70,0.5,0.10810810810810811,1.0,0.05714285714285714,0.5285714285714286,0.9373469387755102,0.9329255852924366,2.2323850526315792e-05,0.022323850526315792,0.6240847657873699,0.007142857142857143,0.9214285714285714,0.07142857142857142,,1.0,placeholder
0.35,0.7,140,70,0.5,0.0821917808219178,1.0,0.04285714285714286,0.5214285714285715,0.9373469387755102,0.9329255852924366,2.2747890526315793e-05,0.022747890526315793,0.6545957035104658,0.007142857142857143,0.9142857142857143,0.07857142857142857,,1.0,placeholder
0.35,0.75,140,70,0.5,0.0821917808219178,1.0,0.04285714285714286,0.5214285714285715,0.9373469387755102,0.9329255852924365,2.629568105263158e-05,0.026295681052631577,0.7465220242732079,0.014285714285714285,0.9,0.08571428571428572,,1.0,placeholder
0.35,0.8,140,70,0.5,0.0821917808219178,1.0,0.04285714285714286,0.5214285714285715,0.9373469387755102,0.9329255852924365,2.629568105263158e-05,0.026295681052631577,0.7465220242732079,0.014285714285714285,0.9,0.08571428571428572,,1.0,placeholder
0.35,0.85,140,70,0.5,0.0821917808219178,1.0,0.04285714285714286,0.5214285714285715,0.9373469387755102,0.9329255852924365,2.8995391578947367e-05,0.028995391578947368,0.7774264695897585,0.02142857142857143,0.9,0.07857142857142857,,1.0,placeholder
0.35,0.9,140,70,0.5,0.0821917808219178,1.0,0.04285714285714286,0.5214285714285715,0.9373469387755102,0.9329255852924365,3.1695102105263156e-05,0.031695102105263155,0.8083309149063089,0.02857142857142857,0.9,0.07142857142857142,,1.0,placeholder
0.35,0.95,140,70,0.5,0.0821917808219178,1.0,0.04285714285714286,0.5214285714285715,0.9373469387755102,0.9329255852924365,3.1695102105263156e-05,0.031695102105263155,0.8083309149063089,0.02857142857142857,0.9,0.07142857142857142,,1.0,placeholder
0.4,0.5,140,70,0.5,0.15789473684210525,1.0,0.08571428571428572,0.5428571428571428,0.9441836734693878,0.9397535347949877,1.665586e-05,0.01665586,0.3796037564091482,,0.9714285714285714,0.02857142857142857,,1.0,placeholder
0.4,0.55,140,70,0.5,0.13333333333333333,1.0,0.07142857142857142,0.5357142857142857,0.9441836734693877,0.9397535347949877,1.70799e-05,0.0170799,0.4101146941322441,,0.9642857142857143,0.03571428571428571,,1.0,placeholder
0.4,0.6,140,70,0.5,0.13333333333333333,1.0,0.07142857142857142,0.5357142857142857,0.9441836734693877,0.9397535347949877,1.70799e-05,0.0170799,0.4101146941322441,,0.9642857142857143,0.03571428571428571,,1.0,placeholder
0.4,0.65,140,70,0.5,0.0821917808219178,1.0,0.04285714285714286,0.5214285714285715,0.9441836734693877,0.9397535347949875,1.7927980000000004e-05,0.017927980000000003,0.47113656957843586,,0.95,0.05,,1.0,placeholder
0.4,0.7,140,70,0.5,0.05555555555555555,1.0,0.02857142857142857,0.5142857142857142,0.9441836734693878,0.9397535347949877,1.835202e-05,0.01835202,0.5016475073015318,,0.9428571428571428,0.05714285714285714,,1.0,placeholder
0.4,0.75,140,70,0.5,0.028169014084507043,1.0,0.014285714285714285,0.5071428571428571,0.9441836734693877,0.9397535347949877,1.9200100000000003e-05,0.0192001,0.5626693827477235,,0.9285714285714286,0.07142857142857142,,1.0,placeholder
0.4,0.8,140,70,0.5,0.028169014084507043,1.0,0.014285714285714285,0.5071428571428571,0.9441836734693877,0.9397535347949877,1.9200100000000003e-05,0.0192001,0.5626693827477235,,0.9285714285714286,0.07142857142857142,,1.0,placeholder
0.4,0.85,140,70,0.5,0.028169014084507043,1.0,0.014285714285714285,0.5071428571428571,0.9441836734693877,0.9397535347949877,2.1899810526315788e-05,0.02189981052631579,0.5935738280642741,0.007142857142857143,0.9285714285714286,0.06428571428571428,,1.0,placeholder
0.4,0.9,140,70,0.5,0.028169014084507043,1.0,0.014285714285714285,0.5071428571428571,0.9441836734693877,0.9397535347949877,2.1899810526315788e-05,0.02189981052631579,0.5935738280642741,0.007142857142857143,0.9285714285714286,0.06428571428571428,,1.0,placeholder
0.4,0.95,140,70,0.5,0.028169014084507043,1.0,0.014285714285714285,0.5071428571428571,0.9441836734693877,0.9397535347949877,2.1899810526315788e-05,0.02189981052631579,0.5935738280642741,0.007142857142857143,0.9285714285714286,0.06428571428571428,,1.0,placeholder
0.45,0.5,140,70,0.5,0.15789473684210525,1.0,0.08571428571428572,0.5428571428571428,0.944795918367347,0.9411227819407406,1.5807779999999997e-05,0.015807779999999997,0.3185818809629564,,0.9857142857142858,0.014285714285714285,,1.0,placeholder
0.45,0.55,140,70,0.5,0.13333333333333333,1.0,0.07142857142857142,0.5357142857142857,0.944795918367347,0.9411227819407406,1.623182e-05,0.01623182,0.3490928186860523,,0.9785714285714285,0.02142857142857143,,1.0,placeholder
0.45,0.6,140,70,0.5,0.13333333333333333,1.0,0.07142857142857142,0.5357142857142857,0.944795918367347,0.9411227819407406,1.623182e-05,0.01623182,0.3490928186860523,,0.9785714285714285,0.02142857142857143,,1.0,placeholder
0.45,0.65,140,70,0.5,0.0821917808219178,1.0,0.04285714285714286,0.5214285714285715,0.944795918367347,0.9411227819407404,1.70799e-05,0.0170799,0.41011469413224405,,0.9642857142857143,0.03571428571428571,,1.0,placeholder
0.45,0.7,140,70,0.5,0.05555555555555555,1.0,0.02857142857142857,0.5142857142857142,0.944795918367347,0.9411227819407404,1.7503940000000003e-05,0.017503940000000003,0.44062563185534,,0.9571428571428572,0.04285714285714286,,1.0,placeholder
0.45,0.75,140,70,0.5,0.028169014084507043,1.0,0.014285714285714285,0.5071428571428571,0.944795918367347,0.9411227819407404,1.835202e-05,0.01835202,0.5016475073015316,,0.9428571428571428,0.05714285714285714,,1.0,placeholder
0.45,0.8,140,70,0.5,0.028169014084507043,1.0,0.014285714285714285,0.5071428571428571,0.944795918367347,0.9411227819407404,1.835202e-05,0.01835202,0.5016475073015316,,0.9428571428571428,0.05714285714285714,,1.0,placeholder
0.45,0.85,140,70,0.5,0.028169014084507043,1.0,0.014285714285714285,0.5071428571428571,0.944795918367347,0.9411227819407404,2.1051730526315793e-05,0.021051730526315794,0.5325519526180821,0.007142857142857143,0.9428571428571428,0.05,,1.0,placeholder
0.45,0.9,140,70,0.5,0.028169014084507043,1.0,0.014285714285714285,0.5071428571428571,0.944795918367347,0.9411227819407404,2.1051730526315793e-05,0.021051730526315794,0.5325519526180821,0.007142857142857143,0.9428571428571428,0.05,,1.0,placeholder
0.45,0.95,140,70,0.5,0.028169014084507043,1.0,0.014285714285714285,0.5071428571428571,0.944795918367347,0.9411227819407404,2.1051730526315793e-05,0.021051730526315794,0.5325519526180821,0.007142857142857143,0.9428571428571428,0.05,,1.0,placeholder
0.5,0.55,140,70,0.5,0.13333333333333333,1.0,0.07142857142857142,0.5357142857142857,0.944795918367347,0.9411227819407406,1.5807779999999997e-05,0.015807779999999997,0.3185818809629564,,0.9857142857142858,0.014285714285714285,,1.0,placeholder
0.5,0.6,140,70,0.5,0.13333333333333333,1.0,0.07142857142857142,0.5357142857142857,0.944795918367347,0.9411227819407406,1.5807779999999997e-05,0.015807779999999997,0.3185818809629564,,0.9857142857142858,0.014285714285714285,,1.0,placeholder
0.5,0.65,140,70,0.5,0.0821917808219178,1.0,0.04285714285714286,0.5214285714285715,0.944795918367347,0.9411227819407406,1.665586e-05,0.01665586,0.3796037564091482,,0.9714285714285714,0.02857142857142857,,1.0,placeholder
0.5,0.7,140,70,0.5,0.05555555555555555,1.0,0.02857142857142857,0.5142857142857142,0.944795918367347,0.9411227819407404,1.70799e-05,0.0170799,0.41011469413224405,,0.9642857142857143,0.03571428571428571,,1.0,placeholder
0.5,0.75,140,70,0.5,0.028169014084507043,1.0,0.014285714285714285,0.5071428571428571,0.944795918367347,0.9411227819407404,1.7927980000000004e-05,0.017927980000000003,0.4711365695784358,,0.95,0.05,,1.0,placeholder
0.5,0.8,140,70,0.5,0.028169014084507043,1.0,0.014285714285714285,0.5071428571428571,0.944795918367347,0.9411227819407404,1.7927980000000004e-05,0.017927980000000003,0.4711365695784358,,0.95,0.05,,1.0,placeholder
0.5,0.85,140,70,0.5,0.028169014084507043,1.0,0.014285714285714285,0.5071428571428571,0.944795918367347,0.9411227819407404,2.062769052631579e-05,0.02062769052631579,0.5020410148949862,0.007142857142857143,0.95,0.04285714285714286,,1.0,placeholder
0.5,0.9,140,70,0.5,0.028169014084507043,1.0,0.014285714285714285,0.5071428571428571,0.944795918367347,0.9411227819407404,2.062769052631579e-05,0.02062769052631579,0.5020410148949862,0.007142857142857143,0.95,0.04285714285714286,,1.0,placeholder
0.5,0.95,140,70,0.5,0.028169014084507043,1.0,0.014285714285714285,0.5071428571428571,0.944795918367347,0.9411227819407404,2.062769052631579e-05,0.02062769052631579,0.5020410148949862,0.007142857142857143,0.95,0.04285714285714286,,1.0,placeholder
