config,f1,usd_per_1000,latency_s_per_site,cost_basis
t06_test_S0_direct,0.18181818181818182,0.0149597,0.2576537155167646,api
t06_test_S1_direct,0.5714285714285714,0.059365600000000004,0.3017215912334257,api
t06_test_S3_direct,0.6521739130434783,0.39209939999999666,0.8594484223519145,api
t07_S1_test_table,0.5365853658536586,0.08023960000000001,0.30628002948211547,api
S0 alone (direct),0.1818181818181818,0.0149596999999999,0.2575600055167645,api
S1 alone (direct),0.5714285714285714,0.0593655999999999,4.271531281233425,api
S3 alone (direct),0.6363636363636364,0.3590615,4.110291227101213,api
"cascade S0->S1->S3 band [0.05,0.5] (direct)",0.6808510638297872,0.1828648757894737,4.334796594767794,api
cpu url_gbm,0.8405797101449275,2.2438286611793057e-07,8.0777831802455e-06,cpu
cpu tfidf_lr,0.9473684210526316,4.370794448294434e-06,0.00015734860013859962,cpu
cpu rule_set,0.6666666666666666,1.1623842578113975e-06,4.18458332812103e-05,cpu
