score,calibration,prevalence,threshold,ppv,ppv_ci_low,ppv_ci_high,recall_at_threshold,fpr_at_threshold,split_source
q_direct,raw,0.001,0.1,0.0026669917235173845,0.0019474038722184345,0.003355704697986577,0.8,0.3,pseudo
q_direct,raw,0.01,0.1,0.026247885533526145,0.023567728639857413,0.028684537585713415,0.8,0.3,pseudo
q_direct,raw,0.05,0.1,0.12308595618129016,0.11735744018938432,0.12866075171060123,0.8,0.3,pseudo
q_direct,platt,0.001,0.3995711250021359,0.0026669917235173845,0.0019474038722184345,0.003355704697986577,0.8,0.3,pseudo
q_direct,platt,0.01,0.3995711250021359,0.026247885533526145,0.023567728639857413,0.028684537585713415,0.8,0.3,pseudo
q_direct,platt,0.05,0.3995711250021359,0.12308595618129016,0.11735744018938432,0.12866075171060123,0.8,0.3,pseudo
q_direct,isotonic,0.001,0.5,0.0026669917235173845,0.0019474038722184345,0.003355704697986577,0.8,0.3,pseudo
q_direct,isotonic,0.01,0.5,0.026247885533526145,0.023567728639857413,0.028684537585713415,0.8,0.3,pseudo
q_direct,isotonic,0.05,0.5,0.12308595618129016,0.11735744018938432,0.12866075171060123,0.8,0.3,pseudo
lr_bank,raw,0.001,0.3400501864462177,0.009608261157495912,0.008016032064128256,0.01044932079414838,0.9666666666666667,0.1,pseudo
lr_bank,raw,0.01,0.3400501864462177,0.08905046746013486,0.08296738901991921,0.09441591996952481,0.9666666666666667,0.1,pseudo
lr_bank,raw,0.05,0.3400501864462177,0.33746676583581214,0.32340759552483406,0.3509044381556247,0.9666666666666667,0.1,pseudo
lr_bank,platt,0.001,0.43775919198513896,0.009608261157495912,0.008016032064128256,0.01044932079414838,0.9666666666666667,0.1,pseudo
lr_bank,platt,0.01,0.43775919198513896,0.08905046746013486,0.08296738901991921,0.09441591996952481,0.9666666666666667,0.1,pseudo
lr_bank,platt,0.05,0.43775919198513896,0.33746676583581214,0.32340759552483406,0.3509044381556247,0.9666666666666667,0.1,pseudo
lr_bank,isotonic,0.001,0.6,0.009608261157495912,0.008016032064128256,0.01044932079414838,0.9666666666666667,0.1,pseudo
lr_bank,isotonic,0.01,0.6,0.08905046746013486,0.08296738901991921,0.09441591996952481,0.9666666666666667,0.1,pseudo
lr_bank,isotonic,0.05,0.6,0.33746676583581214,0.32340759552483406,0.3509044381556247,0.9666666666666667,0.1,pseudo
