bin,n,p_mean,p_min,p_max,observed
0,6,0.09640327326033676,0.07540408556048359,0.11740246096018996,0.16666666666666666
1,6,0.1403572860970347,0.11740246096018996,0.16331211123387945,0.16666666666666666
2,6,0.1953002768541835,0.16331211123387945,0.2112943596643355,0.3333333333333333
3,6,0.2597183218470715,0.2112943596643355,0.30797246253795746,0.16666666666666666
4,6,0.3615637450448002,0.30797246253795746,0.3995711250021359,0.16666666666666666
5,6,0.5155673612031189,0.3995711250021359,0.6448942571265002,0.16666666666666666
6,6,0.7353958395082026,0.6448942571265002,0.7870684877103556,0.8333333333333334
7,6,0.9139367597602962,0.859195219323456,0.9496092616576591,1.0
8,6,0.9878208379733705,0.9582645972748581,0.9984531259893266,1.0
9,6,0.9990649855450383,0.9986833488455802,0.9994162384788278,1.0
