site_id,label,language,q_direct,p_lr_R0,split_source
pp_00c858741eb5b43a,1,ru,0.34,0.8720240075985422,all
pp_011fb6056372bd16,1,en,0.37,0.6600311970652829,all
pp_01f79b6b11d04c7c,1,,0.06,0.34437252024582765,all
pp_03cd4fde802b0031,1,ja,0.11,0.06561315077460173,all
pp_0414663b4762af45,1,en,0.51,0.7561588743438808,all
pp_049ee84e7802ab1c,0,en,0.07,0.008981125097438078,all
pp_06da2d32c51373ff,1,,0.18,0.18497859148229087,all
pp_099225faa7870f4c,0,en,0.06,0.013207927985512537,all
pp_0c9313a3eb37ee4c,0,en,0.06,0.03512211720715432,all
pp_0e44a4bc35615a69,1,en,0.08,0.21168604036335326,all
pp_0f718403cb79fb9b,0,en,0.14,0.07237144271788082,all
pp_1050c1095c43dab6,1,en,0.91,0.7738653292680392,all
pp_11749b0275bfa2ec,1,ja,0.1,0.6678118275015076,all
pp_11e165d4db4a0594,1,en,0.24,0.08038568564817969,all
pp_11e2d32ddc41be5b,0,ja,0.09,0.003915313817633986,all
pp_129afb3cee2dd0c4,1,en,0.14,0.4842093149797554,all
pp_12d775642350c1be,0,en,0.13,0.01764009146031594,all
pp_1423565ad73dc5fe,1,ru,0.72,0.9998225706813951,all
pp_1854673c655adfd4,0,en,0.07,0.016364371158502117,all
pp_18c573fb0382616a,1,en,0.12,0.7582333932249118,all
pp_18cd944cfaa85d8c,0,en,0.1,0.37686959936643827,all
pp_1a0a79633551a824,1,fr,0.89,0.966685457071257,all
pp_1aa2a296bfe48cd1,0,en,0.1,0.028548890830693605,all
pp_1aaffa4202c064b0,1,en,0.3,0.43054503991632453,all
pp_23e29b72b636a073,0,en,0.17,0.005736729492237282,all
pp_24662137ad452272,0,en,0.06,0.01586985126719541,all
pp_258da25ea9aceb0d,1,fr,0.5,0.9152363285964406,all
pp_27d47d452d74635a,1,en,0.91,0.9979968290299351,all
pp_28021aaea0f591df,1,en,0.04,0.0007704223567862376,all
pp_29abc00cbdb11b7d,1,en,0.59,0.978994823905816,all
pp_2bd3f318bb6ac403,1,en,0.54,0.5814604711660948,all
pp_2bda47b904f431d9,0,en,0.08,0.014946623870754055,all
pp_2c1f62d54fd23706,0,en,0.21,0.02550858812411184,all
pp_2d88d92204512cff,1,de,0.24,0.1072804921006446,all
pp_2ddde4f7bc617530,0,en,0.06,0.028861700577806206,all
pp_2f0375a954c96332,0,en,0.03,0.015403580542276469,all
pp_309824e86fb51dbf,0,fr,0.06,0.008728912204060121,all
pp_316bb8ecbb617919,1,nl,0.05,0.1448400389474053,all
pp_319b30373bca007e,0,ja,0.04,0.0338164589783133,all
pp_32483e1e5bdeb477,1,en,0.03,0.044326165683236864,all
pp_33c2a50bb2cf357f,1,la,0.34,0.7544983645156248,all
pp_33f77a365a9ec8fa,0,en,0.06,0.017435082519430177,all
pp_372c805080f13613,1,ja,0.13,0.5697340994454719,all
pp_383c8e07ae311e16,0,en,0.04,0.06631284006379698,all
pp_3a43fc7aa6131a28,0,nl,0.04,0.008628651397779453,all
pp_3af77611336bac6e,0,en,0.05,0.002062733782547737,all
pp_3b45686a9b17c842,0,en,0.04,0.0006060988234725265,all
pp_3b4a2581820957af,0,en,0.11,0.011773989994842596,all
pp_3c831e3ec962ccbd,0,en,0.04,0.013890312596431689,all
pp_3e336949686cbf31,1,en,0.14,0.1140016957039295,all
pp_3ecd91810ac4902f,0,ja,0.03,0.00367537618490024,all
pp_3fa3d94af6f8a670,1,cs,0.92,0.9628369762227746,all
pp_400c97406ba520c2,0,en,0.15,0.05449311256030784,all
pp_4061c36415260418,1,en,0.17,0.16357946688180788,all
pp_423b214d2e855b9c,1,de,0.15,0.516016686530712,all
pp_4246ae8c524462ec,1,en,0.53,0.8450906914312691,all
pp_44bb2bd4d205ae96,1,en,0.45,0.9985340374422467,all
pp_499f968a307fdb3e,0,en,0.07,0.06474204606545657,all
pp_4a114b3b67335a68,1,en,0.22,0.6492600461497876,all
pp_4aa3e609e078b36d,1,fr,0.12,0.008219029050476034,all
pp_4cc5049f77116e40,0,en,0.04,0.00897524082774329,all
pp_4cd531583d7366ff,0,en,0.18,0.026846140961801036,all
pp_4d782c7cfd5fa806,0,ja,0.03,0.04121330922786138,all
pp_4e3a06c7c3ad58f5,0,en,0.07,0.026005009600961533,all
pp_4ebbe70a89af21ec,0,en,0.13,0.04503777428931013,all
pp_51c23810d83b4126,0,ja,0.04,0.0012299788073852408,all
pp_51f22da3d295b7c7,0,en,0.03,0.009917702119609552,all
pp_523051108138dba5,1,ja,0.21,0.16902852560226775,all
pp_52666337a8a905ac,1,en,0.03,0.11859136240822007,all
pp_535bc21509c5cf05,0,en,0.05,0.003943082450160688,all
pp_5398c750ab444a6a,0,en,0.17,0.0007365823708140488,all
pp_54d51c98c1bb9551,1,en,0.1,0.01750288090042497,all
pp_56608bfd04219945,0,en,0.08,0.0006466687184568741,all
pp_57319b90bb1c9889,0,en,0.07,0.023527921601364805,all
pp_57cec1a05c81ad14,0,en,0.05,0.007364782886204389,all
pp_5822c0e3d16bffc3,0,en,0.07,0.01314631987361909,all
pp_58466dce92f99d39,0,en,0.05,0.005049010763782295,all
pp_59393005ba2f3573,1,en,0.74,0.9248901067669307,all
pp_5b76979fe25efd84,0,en,0.05,0.012842340135491438,all
pp_5cde0e09c6b8aa37,0,fr,0.06,0.006371219538084945,all
pp_64a38e4b468f8fa4,1,en,0.64,0.6184374533549747,all
pp_6600e60f7451d4c8,0,en,0.04,0.012709124377147975,all
pp_6604d353756d3748,0,en,0.09,0.012145521866757873,all
pp_677bb8ea953db140,1,ru,0.37,0.04084454306485093,all
pp_678b022c46507bce,1,en,0.92,0.9999295556210607,all
pp_67aa8f019e75e4e3,1,en,0.23,0.06191239244300778,all
pp_67c5499d29de60a2,1,en,0.93,0.9971176608815373,all
pp_68ff93845f768a93,0,en,0.09,0.010493786650039518,all
pp_6a56e085a1bfa69e,0,en,0.03,0.006619815239892564,all
pp_6a6ffd0eec6a705f,0,en,0.06,0.0018435594328049757,all
pp_6a6ffd8c93e1f164,1,en,0.93,0.9999609259491888,all
pp_6b336aca3c9700b5,0,en,0.06,0.011425301148003499,all
pp_6d104a0110d0dfbe,1,tr,0.3,0.024296377769706962,all
pp_6d7187ac1f30d954,1,en,0.22,0.579694983317982,all
pp_70897ced3bece48f,0,en,0.05,0.014548595471856215,all
pp_7220dfb908e177af,0,en,0.07,0.0003407698844012899,all
pp_73621bdbabe67ba1,1,,0.19,0.1656343615266807,all
pp_73c3bc7664745c41,1,en,0.3,0.94338337510381,all
pp_75a906ecd3afb340,1,en,0.89,0.9687065907676118,all
pp_75e9cc3cec4f3b03,1,en,0.41,0.9553646860634546,all
pp_773387d4ba5f2631,1,fr,0.94,0.9976044592369492,all
pp_79dd304859fcbdfe,1,en,0.12,0.7851973076871893,all
pp_7a3db5cb0916a672,1,en,0.78,0.9952531395118218,all
pp_7a4e8d400af9d66c,0,en,0.1,0.006416046205331773,all
pp_7a863a609d6179ba,1,en,0.35,0.9611614408008353,all
pp_7ac7360a7ebacb09,1,en,0.03,0.3866602854455737,all
pp_7e284b4c8e059baf,1,en,0.08,0.01104632444505163,all
pp_807746455a3a3f9c,0,en,0.04,0.0007547471765898907,all
pp_8090bfe432007e81,0,en,0.07,0.015420100273239905,all
pp_81bcb55b864666fd,0,en,0.16,0.043423150719768745,all
pp_8296195a1f443cf6,1,it,0.86,0.948058243792235,all
pp_8319c3af76d6f841,0,en,0.09,0.004555080237332743,all
pp_8409909d5fffa9c9,0,en,0.15,0.10033460967893026,all
pp_85f8cf232cdce8d7,1,en,0.13,0.8066545499557207,all
pp_867343aea77f5470,1,es,0.89,0.9576928553114122,all
pp_87521f57e2591180,1,en,0.87,0.9882066543980826,all
pp_8809c5fb922876e0,0,en,0.06,0.036426050202642855,all
pp_890f1fe79e649069,0,en,0.08,0.008395306397042732,all
pp_8a91e03e8e171226,1,ja,0.88,0.9704448384030899,all
pp_8c1c401659891494,1,en,0.11,0.8595933573969046,all
pp_8ccef8f399eeae6c,0,ja,0.05,0.0715385256573629,all
pp_8d6d3eb13de0f08d,1,tr,0.19,0.381463234178959,all
pp_8e0a6ee8b9c9b3c9,0,en,0.1,0.007962222543035321,all
pp_8ee4ca5f421ebd86,0,en,0.4,0.09757706361599092,all
pp_8f1de1a0a54f6dd5,1,en,0.27,0.06661453968395517,all
pp_8f323278a32bd62b,1,en,0.21,0.20371507117231483,all
pp_9407778b6b4c66df,0,en,0.04,0.007981220178598779,all
pp_94c42388545062e0,1,en,0.93,0.912712002931387,all
pp_97758cfe72ad62bb,0,it,0.05,0.027843293374597632,all
pp_9826fdac38f38345,1,en,0.05,0.025611796275408886,all
pp_98b20a53103fe963,1,en,0.2,0.8474949318631413,all
pp_9c86b44639ebfdc5,0,en,0.04,0.00045898105189429785,all
pp_9d4522ca9c71501d,0,en,0.11,0.02681829479993163,all
pp_9d4b2fd401d3f1d7,1,en,0.35,0.76801385459503,all
pp_a03fc7da1f7588f7,1,en,0.12,0.0816900179467062,all
pp_a5c270dc02fb4b25,1,en,0.19,0.003972419705393352,all
pp_a657a45e746462f1,0,en,0.1,0.01033459606039283,all
pp_a7179ac85e83f756,1,en,0.32,0.7340494251797492,all
pp_a7e925a38709e5d3,1,,0.28,0.7481509149166675,all
pp_a8929a75d09539aa,0,en,0.16,0.004432284080513141,all
pp_a90b8adda869df3c,0,en,0.06,0.012196971170868263,all
pp_aaf0435c99537d26,0,en,0.04,0.026287987976395866,all
pp_ab563686d3339834,1,en,0.52,0.8663434064981873,all
pp_abc6829f73a1e6fd,1,en,0.82,0.9904376657436047,all
pp_ae3b1448df011d05,0,en,0.1,0.010849036333583289,all
pp_ae89aa42466a2671,1,en,0.37,0.9883248440822443,all
pp_b003ddc0eaf942f8,0,en,0.06,0.07140659192767713,all
pp_b1d3905160755379,0,en,0.04,0.02920016093650441,all
pp_b1e9928a10581762,1,en,0.08,0.01446982038105041,all
pp_b299c054f896dcf0,1,en,0.03,0.004495858270658115,all
pp_b689d998e190b4eb,1,en,0.17,0.6517704996784598,all
pp_b6f051e61675ada8,0,en,0.2,0.03781398432851556,all
pp_b72cd830b2f2f086,1,de,0.46,0.88892715185648,all
pp_b7bbed4b6bb3be64,0,en,0.06,0.009537670544237327,all
pp_b83ab267e99faf6b,1,en,0.28,0.9511899115977448,all
pp_ba70ace0bf382948,1,ja,0.09,0.04796712275003342,all
pp_baef1f03a5d9074b,1,en,0.15,0.0347393294517906,all
pp_bbdd318fe68867e1,1,en,0.35,0.9845393489708947,all
pp_bd8160485beac2e6,0,en,0.08,0.02894664834332249,all
pp_bda46312ef2c172c,0,en,0.11,0.0049223146011398945,all
pp_bf288c9bfcced171,0,en,0.08,0.002181827561585697,all
pp_c13edf26a4ba9f61,1,en,0.21,0.6944867256166827,all
pp_c2136b4536bb28fa,0,en,0.04,0.013030792045125686,all
pp_c3ec8086ca5a5496,0,en,0.08,0.09233810173728038,all
pp_c4377d24ab11e7ae,1,en,0.11,0.05300088118693009,all
pp_c456c29d9b7a1bce,1,en,0.49,0.9695309232742055,all
pp_c47a3ab3e32f1418,1,fr,0.92,0.9896675645764083,all
pp_c4dc9cb6d437aea7,0,en,0.04,0.0017895200210913066,all
pp_c50fc73e9734adc2,0,en,0.07,0.0058668010123728515,all
pp_c52aabbcc5158cfe,0,en,0.24,0.0059104002284733476,all
pp_c56b8994e7a6cf38,0,en,0.04,0.06801148301942093,all
pp_c5cb2b1f2558d858,1,en,0.12,0.7360122986236637,all
pp_c5d63280f9c7d1d5,1,en,0.07,0.04531643838845111,all
pp_c5e512db7dd42b0f,0,en,0.05,0.005811825304260186,all
pp_c73d699e0c40e50f,1,en,0.31,0.8596670947429905,all
pp_c82859dcb798670e,0,en,0.05,0.05871960446683253,all
pp_c82ae662c665585d,0,en,0.07,0.014369459965505862,all
pp_d360067bb76dc49e,0,en,0.52,0.05847127999011145,all
pp_d5083fffc8f3251d,0,en,0.06,0.0006545605841305764,all
pp_d73d162cd5c1312a,1,en,0.21,0.09429352725416126,all
pp_dc4dde37fd23d15b,0,en,0.09,0.012377783362109072,all
pp_de434e0d276ce432,0,fr,0.05,0.009651645540993905,all
pp_dead6d16669e1022,1,en,0.82,0.9514869687743678,all
pp_decb746814925002,1,en,0.45,0.9011695258425904,all
pp_e173c5b8df2aee72,1,en,0.56,0.7961560755778773,all
pp_e18c7ee830a3864e,1,en,0.11,0.7360136552380492,all
pp_e232f01070b1d321,0,en,0.07,0.007352629248272115,all
pp_e3015bbe9e31b3d0,0,en,0.04,0.008831252742898164,all
pp_e5bf57080abb02f7,0,en,0.07,0.011102115291427586,all
pp_ea12a7092471ed47,0,en,0.06,0.0011638052222658962,all
pp_ec53420b9cc349b0,0,en,0.09,0.014129470037521689,all
pp_ec96e404f77703e3,1,en,0.09,0.11078517090456218,all
pp_ee096fc890261445,1,en,0.04,0.11772914947095524,all
pp_ee88be4f7636a237,0,en,0.04,0.03497453385109501,all
pp_eee2ffc078273f83,0,en,0.08,0.054642848968804704,all
pp_f150584aafac10fb,1,en,0.84,0.9559000400253255,all
pp_f590969aad42346d,1,en,0.88,0.9914331161131691,all
pp_f7ca3ebedb432f55,0,en,0.03,0.06294155693990094,all
pp_fba486afc8ec2ba2,0,en,0.05,0.009083646760705801,all
pp_ff7b4331556b690a,1,th,0.88,0.9998209592074828,all
