question,coef_std,odds_ratio_per_sd
q_language_brand_mismatch,1.7162191331232075,5.563453970615385
q_ip_or_freehost,1.508060737310447,4.517960780607851
q_suspicious_url_shape,1.0705063884271662,2.916856188273959
q_direct,0.66328690386153,1.9411622737514307
q_urgency,0.47528446034254757,1.6084716788197846
q_external_favicon,0.3389595755192866,1.403486608848614
q_brand_in_url_not_domain,0.32347822463396664,1.3819260639945232
q_missing_legitimacy,0.2662399000617384,1.3050481022561435
q_reward_bait,0.2188803740025732,1.244682371411078
q_brand_domain_mismatch,0.15125734475688132,1.1632959876878484
q_shell_page,0.028878662026416937,1.0292996937586338
q_cloned_assets,-0.1845834687010491,0.8314505369066534
q_obfuscated_scripts,-0.5111642199955883,0.5997968766525819
q_collects_credentials,-0.5737111074504222,0.563430602515889
q_form_offsite,-0.7258902872913924,0.4838935728303665
