site_id,label,dataset,variant,split,split_source,ok,cached,model,request_id,http_status,input_tokens,output_tokens,cost_usd,latency_ms,error,arm,q_direct
pp_01f79b6b11d04c7c,1,bootstrap-phreshphish,S1,test,pseudo,True,False,jev-1.13.0,req_01a106d191397286987bf71f9a76d05c,200,702,21,2.9484e-05,302.5955410266761,,A1,0.11
pp_0e44a4bc35615a69,1,bootstrap-phreshphish,S1,test,pseudo,True,False,jev-1.13.0,req_01a106d191447a1d889cbe104a18799c,200,1508,21,6.3336e-05,364.7764999768697,,A1,0.17
pp_1050c1095c43dab6,1,bootstrap-phreshphish,S1,test,pseudo,True,False,jev-1.13.0,req_01a106d19125789ca28a029511b8c35d,200,985,21,4.1370000000000005e-05,280.7354579854291,,A1,0.93
pp_1854673c655adfd4,0,bootstrap-phreshphish,S1,test,pseudo,True,False,jev-1.13.0,req_01a106d1914372e1aa99065af682b85a,200,1630,21,6.846e-05,310.57058402802795,,A1,0.22
pp_1aa2a296bfe48cd1,0,bootstrap-phreshphish,S1,test,pseudo,True,False,jev-1.13.0,req_01a106d1922a7435bae38099c151e595,200,1674,21,7.0308e-05,282.50908298650756,,A1,0.11
pp_23e29b72b636a073,0,bootstrap-phreshphish,S1,test,pseudo,True,False,jev-1.13.0,req_01a106d192327e2d8ec0099e66d663b2,200,1720,21,7.224000000000001e-05,269.3599170015659,,A1,0.32
pp_28021aaea0f591df,1,bootstrap-phreshphish,S1,test,pseudo,True,False,jev-1.13.0,req_01a106d192317828abd612205c07252e,200,1742,21,7.3164e-05,269.54337500501424,,A1,0.1
pp_29abc00cbdb11b7d,1,bootstrap-phreshphish,S1,test,pseudo,True,False,jev-1.13.0,req_01a106d1926576d5a9775e05e323d218,200,673,21,2.8266000000000003e-05,264.81391699053347,,A1,0.63
pp_2bda47b904f431d9,0,bootstrap-phreshphish,S1,test,pseudo,True,False,jev-1.13.0,req_01a106d1933d7ce0ae7b9caa850c0595,200,1723,21,7.2366e-05,259.8813329823315,,A1,0.22
pp_316bb8ecbb617919,1,bootstrap-phreshphish,S1,test,pseudo,True,False,jev-1.13.0,req_01a106d193497ce39cb9fbb9d5f2b146,200,747,21,3.1374e-05,256.95779200759716,,A1,0.08
pp_32483e1e5bdeb477,1,bootstrap-phreshphish,S1,test,pseudo,True,False,jev-1.13.0,req_01a106d1934c78a7a2da8e3cd3f8a652,200,848,21,3.5616e-05,252.3285420029424,,A1,0.04
pp_33f77a365a9ec8fa,0,bootstrap-phreshphish,S1,test,pseudo,True,False,jev-1.13.0,req_01a106d193957bb285391debc28c6e7c,200,1587,21,6.665400000000002e-05,277.820041985251,,A1,0.07
pp_383c8e07ae311e16,0,bootstrap-phreshphish,S1,test,pseudo,True,False,jev-1.13.0,req_01a106d194517646b2dd22cbfa642072,200,1576,21,6.6192e-05,271.7837080126628,,A1,0.08
pp_3a43fc7aa6131a28,0,bootstrap-phreshphish,S1,test,pseudo,True,False,jev-1.13.0,req_01a106d194467b4895a4bcea3f5c12a1,200,1710,21,7.182000000000001e-05,263.81091598886997,,A1,0.08
pp_3b4a2581820957af,0,bootstrap-phreshphish,S1,test,pseudo,True,False,jev-1.13.0,req_01a106d1944d7c8c9a542b5fa1296e67,200,1672,21,7.0224e-05,252.47020900133066,,A1,0.18
pp_3c831e3ec962ccbd,0,bootstrap-phreshphish,S1,test,pseudo,True,False,jev-1.13.0,req_01a106d1949e7e44ace3c530d8c918ce,200,1471,21,6.1782e-05,264.5720840082504,,A1,0.25
pp_3ecd91810ac4902f,0,bootstrap-phreshphish,S1,test,pseudo,True,False,jev-1.13.0,req_01a106d1954c7e819f9778ceb5653ce3,200,1107,21,4.6494e-05,277.5410829926841,,A1,0.04
pp_3fa3d94af6f8a670,1,bootstrap-phreshphish,S1,test,pseudo,True,False,jev-1.13.0,req_01a106d195567a7e96d349412e570248,200,1694,21,7.1148e-05,306.8642499856651,,A1,0.94
pp_4061c36415260418,1,bootstrap-phreshphish,S1,test,pseudo,True,False,jev-1.13.0,req_01a106d1956c7c0eb0636e58bff25f0d,200,1605,21,6.741000000000001e-05,273.83920800639316,,A1,0.4
pp_4a114b3b67335a68,1,bootstrap-phreshphish,S1,test,pseudo,True,False,jev-1.13.0,req_01a106d1959d78c5a999be4cbbf81df0,200,1431,21,6.0102e-05,254.5173749967944,,A1,0.31
pp_4e3a06c7c3ad58f5,0,bootstrap-phreshphish,S1,test,pseudo,True,False,jev-1.13.0,req_01a106d196597587b4be0b4623561d3c,200,1701,21,7.144200000000001e-05,234.71337498631328,,A1,0.11
pp_4ebbe70a89af21ec,0,bootstrap-phreshphish,S1,test,pseudo,True,False,jev-1.13.0,req_01a106d19669700f86f80482db238f13,200,1657,21,6.959400000000001e-05,281.12508400226943,,A1,0.46
pp_51f22da3d295b7c7,0,bootstrap-phreshphish,S1,test,pseudo,True,False,jev-1.13.0,req_01a106d196767d0d910087980529537e,200,1654,21,6.9468e-05,232.04566599451937,,A1,0.06
pp_5398c750ab444a6a,0,bootstrap-phreshphish,S1,test,pseudo,True,False,jev-1.13.0,req_01a106d196a57a3b89cc2b6de7c4c0f0,200,1664,21,6.9888e-05,271.1927499913145,,A1,0.32
pp_57cec1a05c81ad14,0,bootstrap-phreshphish,S1,test,pseudo,True,False,jev-1.13.0,req_01a106d1974c7ceea96da06132552a0c,200,1654,21,6.9468e-05,255.07429198478349,,A1,0.06
pp_58466dce92f99d39,0,bootstrap-phreshphish,S1,test,pseudo,True,False,jev-1.13.0,req_01a106d1976072cb872e535ca052bec8,200,1733,21,7.2786e-05,233.5489580000285,,A1,0.05
pp_5cde0e09c6b8aa37,0,bootstrap-phreshphish,S1,test,pseudo,True,False,jev-1.13.0,req_01a106d1979e7810b6806fada459dbd1,200,1690,21,7.098e-05,271.8247080047149,,A1,0.09
pp_678b022c46507bce,1,bootstrap-phreshphish,S1,test,pseudo,True,False,jev-1.13.0,req_01a106d197b47b6b9c67447b675e4394,200,1624,21,6.8208e-05,250.08533301297575,,A1,0.94
pp_6a6ffd8c93e1f164,1,bootstrap-phreshphish,S1,test,pseudo,True,False,jev-1.13.0,req_01a106d1985c772e964795b038e3f038,200,1629,21,6.841800000000001e-05,263.25325001380406,,A1,0.92
pp_6b336aca3c9700b5,0,bootstrap-phreshphish,S1,test,pseudo,True,False,jev-1.13.0,req_01a106d198657ab7aa74388b784a167f,200,1710,21,7.182000000000001e-05,281.3282079878263,,A1,0.08
pp_6d7187ac1f30d954,1,bootstrap-phreshphish,S1,test,pseudo,True,False,jev-1.13.0,req_01a106d1989776438b0cd4cf3db96f94,200,931,21,3.9102000000000006e-05,244.07816599705257,,A1,0.32
pp_70897ced3bece48f,0,bootstrap-phreshphish,S1,test,pseudo,True,False,jev-1.13.0,req_01a106d198b972a3b7db13855dd7bf33,200,1671,21,7.0182e-05,252.13354197330773,,A1,0.11
pp_73c3bc7664745c41,1,bootstrap-phreshphish,S1,test,pseudo,True,False,jev-1.13.0,req_01a106d1995578b4b660327146f2ffe8,200,698,21,2.9316000000000002e-05,242.69199999980628,,A1,0.31
pp_75a906ecd3afb340,1,bootstrap-phreshphish,S1,test,pseudo,True,False,jev-1.13.0,req_01a106d1996a7a6caa84a8920e16e37d,200,1614,21,6.778800000000001e-05,248.97629200131632,,A1,0.9
pp_75e9cc3cec4f3b03,1,bootstrap-phreshphish,S1,test,pseudo,True,False,jev-1.13.0,req_01a106d199917ccc8c4c4c3d6c7ec61b,200,1640,21,6.888e-05,272.35816698521376,,A1,0.38
pp_7a4e8d400af9d66c,0,bootstrap-phreshphish,S1,test,pseudo,True,False,jev-1.13.0,req_01a106d199b17033887928ee95add1c1,200,1673,21,7.026600000000001e-05,260.2952089800965,,A1,0.29
pp_7a863a609d6179ba,1,bootstrap-phreshphish,S1,test,pseudo,True,False,jev-1.13.0,req_01a106d19a5775a78f7e4c0968ba3939,200,916,21,3.8472e-05,272.60858300724067,,A1,0.36
pp_867343aea77f5470,1,bootstrap-phreshphish,S1,test,pseudo,True,False,jev-1.13.0,req_01a106d19a907f6b872d8a56e67d59c2,200,1311,21,5.5062e-05,311.90145900473,,A1,0.91
pp_87521f57e2591180,1,bootstrap-phreshphish,S1,test,pseudo,True,False,jev-1.13.0,req_01a106d19aa976bcb8415ca2cca8db00,200,1710,21,7.182000000000001e-05,283.24141702614725,,A1,0.87
pp_8c1c401659891494,1,bootstrap-phreshphish,S1,test,pseudo,True,False,jev-1.13.0,req_01a106d19ab17f449a13b651bdde6108,200,1071,21,4.4982e-05,250.4274160019122,,A1,0.21
pp_8e0a6ee8b9c9b3c9,0,bootstrap-phreshphish,S1,test,pseudo,True,False,jev-1.13.0,req_01a106d19b5a726d8a68636952a55fd4,200,1741,21,7.3122e-05,244.7937910037581,,A1,0.1
pp_8f323278a32bd62b,1,bootstrap-phreshphish,S1,test,pseudo,True,False,jev-1.13.0,req_01a106d19ba17591854f564770ceb2a7,200,1691,21,7.102200000000001e-05,253.8101249956526,,A1,0.35
pp_abc6829f73a1e6fd,1,bootstrap-phreshphish,S1,test,pseudo,True,False,jev-1.13.0,req_01a106d19baf70b9a77e75e0763c66da,200,1568,21,6.585600000000001e-05,252.77766599901952,,A1,0.83
pp_ae3b1448df011d05,0,bootstrap-phreshphish,S1,test,pseudo,True,False,jev-1.13.0,req_01a106d19bb97e81ab7fc1060f85b6d9,200,1662,21,6.9804e-05,248.08150000171736,,A1,0.13
pp_b1e9928a10581762,1,bootstrap-phreshphish,S1,test,pseudo,True,False,jev-1.13.0,req_01a106d19c737ee9888c5b78e14a3234,200,1569,21,6.589800000000001e-05,274.7345840034541,,A1,0.31
pp_b72cd830b2f2f086,1,bootstrap-phreshphish,S1,test,pseudo,True,False,jev-1.13.0,req_01a106d19c9d7ca9a978245cf14b7f8b,200,1331,21,5.5902e-05,239.78824997902848,,A1,0.49
pp_bbdd318fe68867e1,1,bootstrap-phreshphish,S1,test,pseudo,True,False,jev-1.13.0,req_01a106d19cc57650a6ea96fb935dedf0,200,965,21,4.053e-05,264.7645410033874,,A1,0.4
pp_c13edf26a4ba9f61,1,bootstrap-phreshphish,S1,test,pseudo,True,False,jev-1.13.0,req_01a106d19cd577c0a060475ada5e36b0,200,1672,21,7.0224e-05,440.97312501980923,,A1,0.34
pp_c456c29d9b7a1bce,1,bootstrap-phreshphish,S1,test,pseudo,True,False,jev-1.13.0,req_01a106d19d737fb594db142d3c34d675,200,1710,21,7.182000000000001e-05,248.63433299469762,,A1,0.61
pp_c4dc9cb6d437aea7,0,bootstrap-phreshphish,S1,test,pseudo,True,False,jev-1.13.0,req_01a106d19d9a7780b8871f4f4de59130,200,1651,21,6.9342e-05,254.96308301808313,,A1,0.11
pp_c52aabbcc5158cfe,0,bootstrap-phreshphish,S1,test,pseudo,True,False,jev-1.13.0,req_01a106d19dc57124bb69e4874cc1a32e,200,1657,21,6.959400000000001e-05,298.5649580077734,,A1,0.4
pp_c82859dcb798670e,0,bootstrap-phreshphish,S1,test,pseudo,True,False,jev-1.13.0,req_01a106d19e657bb5999a5f4a340e4be1,200,1619,21,6.799800000000001e-05,233.21908398065716,,A1,0.18
pp_d5083fffc8f3251d,0,bootstrap-phreshphish,S1,test,pseudo,True,False,jev-1.13.0,req_01a106d19e7f7de99b8464b4520773df,200,1723,21,7.2366e-05,248.60824999632314,,A1,0.11
pp_dc4dde37fd23d15b,0,bootstrap-phreshphish,S1,test,pseudo,True,False,jev-1.13.0,req_01a106d19ea47da4bc46ad96081f95c4,200,1651,21,6.9342e-05,295.08604199509136,,A1,0.1
pp_decb746814925002,1,bootstrap-phreshphish,S1,test,pseudo,True,False,jev-1.13.0,req_01a106d19ee473ff8101078b117a0715,200,972,21,4.082400000000001e-05,245.5469589913264,,A1,0.48
pp_e3015bbe9e31b3d0,0,bootstrap-phreshphish,S1,test,pseudo,True,False,jev-1.13.0,req_01a106d19f627c209b23c62be3af4a5a,200,1674,21,7.0308e-05,265.0726659921929,,A1,0.06
pp_ea12a7092471ed47,0,bootstrap-phreshphish,S1,test,pseudo,True,False,jev-1.13.0,req_01a106d19f7877268f1601acf862f12d,200,1676,21,7.039200000000001e-05,255.1392499881331,,A1,0.07
pp_eee2ffc078273f83,0,bootstrap-phreshphish,S1,test,pseudo,True,False,jev-1.13.0,req_01a106d19fda776a854e0fe69b4d928c,200,1667,21,7.001400000000001e-05,286.78279201267287,,A1,0.15
pp_f150584aafac10fb,1,bootstrap-phreshphish,S1,test,pseudo,True,False,jev-1.13.0,req_01a106d19fdb76f9aa09903c280f72eb,200,934,21,3.9228000000000005e-05,325.8523749827873,,A1,0.8
pp_f590969aad42346d,1,bootstrap-phreshphish,S1,test,pseudo,True,False,jev-1.13.0,req_01a106d1a06676a5b1c0c789d30c989f,200,1519,21,6.3798e-05,286.47458300110884,,A1,0.9
