level_from,level_to,from_bin,from_low,from_high,n_from,to_bin,to_low,to_high,prob,to_mean,score,calibration,split_source
S0,S1,0,-inf,0.24128082272220627,1,0,-inf,0.010620272077815312,0.0,,direct,platt,pseudo
S0,S1,0,-inf,0.24128082272220627,1,1,0.010620272077815312,0.014097532300413822,0.0,,direct,platt,pseudo
S0,S1,0,-inf,0.24128082272220627,1,2,0.014097532300413822,0.018235215871715553,0.0,,direct,platt,pseudo
S0,S1,0,-inf,0.24128082272220627,1,3,0.018235215871715553,0.022382567382671508,0.0,,direct,platt,pseudo
S0,S1,0,-inf,0.24128082272220627,1,4,0.022382567382671508,0.033027282648612405,0.0,,direct,platt,pseudo
S0,S1,0,-inf,0.24128082272220627,1,5,0.033027282648612405,0.0378766046652331,1.0,0.033027282648612405,direct,platt,pseudo
S0,S1,0,-inf,0.24128082272220627,1,6,0.0378766046652331,0.05326079361308475,0.0,,direct,platt,pseudo
S0,S1,0,-inf,0.24128082272220627,1,7,0.05326079361308475,0.3198298340704176,0.0,,direct,platt,pseudo
S0,S1,0,-inf,0.24128082272220627,1,8,0.3198298340704176,0.7156777813610549,0.0,,direct,platt,pseudo
S0,S1,0,-inf,0.24128082272220627,1,9,0.7156777813610549,0.7638756098407277,0.0,,direct,platt,pseudo
S0,S1,0,-inf,0.24128082272220627,1,10,0.7638756098407277,0.7926637571855497,0.0,,direct,platt,pseudo
S0,S1,0,-inf,0.24128082272220627,1,11,0.7926637571855497,0.8479109241211574,0.0,,direct,platt,pseudo
S0,S1,0,-inf,0.24128082272220627,1,12,0.8479109241211574,0.9160674554794573,0.0,,direct,platt,pseudo
S0,S1,0,-inf,0.24128082272220627,1,13,0.9160674554794573,0.9634083769922965,0.0,,direct,platt,pseudo
S0,S1,0,-inf,0.24128082272220627,1,14,0.9634083769922965,0.982758132389175,0.0,,direct,platt,pseudo
S0,S1,0,-inf,0.24128082272220627,1,15,0.982758132389175,0.9915826535048764,0.0,,direct,platt,pseudo
S0,S1,0,-inf,0.24128082272220627,1,16,0.9915826535048764,0.9944389496553382,0.0,,direct,platt,pseudo
S0,S1,0,-inf,0.24128082272220627,1,17,0.9944389496553382,inf,0.0,,direct,platt,pseudo
S0,S1,1,0.24128082272220627,0.25521980455672594,3,0,-inf,0.010620272077815312,0.0,,direct,platt,pseudo
S0,S1,1,0.24128082272220627,0.25521980455672594,3,1,0.010620272077815312,0.014097532300413822,0.0,,direct,platt,pseudo
S0,S1,1,0.24128082272220627,0.25521980455672594,3,2,0.014097532300413822,0.018235215871715553,0.0,,direct,platt,pseudo
S0,S1,1,0.24128082272220627,0.25521980455672594,3,3,0.018235215871715553,0.022382567382671508,0.0,,direct,platt,pseudo
S0,S1,1,0.24128082272220627,0.25521980455672594,3,4,0.022382567382671508,0.033027282648612405,0.0,,direct,platt,pseudo
S0,S1,1,0.24128082272220627,0.25521980455672594,3,5,0.033027282648612405,0.0378766046652331,0.3333333333333333,0.033027282648612405,direct,platt,pseudo
S0,S1,1,0.24128082272220627,0.25521980455672594,3,6,0.0378766046652331,0.05326079361308475,0.3333333333333333,0.04184423176974096,direct,platt,pseudo
S0,S1,1,0.24128082272220627,0.25521980455672594,3,7,0.05326079361308475,0.3198298340704176,0.0,,direct,platt,pseudo
S0,S1,1,0.24128082272220627,0.25521980455672594,3,8,0.3198298340704176,0.7156777813610549,0.0,,direct,platt,pseudo
S0,S1,1,0.24128082272220627,0.25521980455672594,3,9,0.7156777813610549,0.7638756098407277,0.3333333333333333,0.7364634714809872,direct,platt,pseudo
S0,S1,1,0.24128082272220627,0.25521980455672594,3,10,0.7638756098407277,0.7926637571855497,0.0,,direct,platt,pseudo
S0,S1,1,0.24128082272220627,0.25521980455672594,3,11,0.7926637571855497,0.8479109241211574,0.0,,direct,platt,pseudo
S0,S1,1,0.24128082272220627,0.25521980455672594,3,12,0.8479109241211574,0.9160674554794573,0.0,,direct,platt,pseudo
S0,S1,1,0.24128082272220627,0.25521980455672594,3,13,0.9160674554794573,0.9634083769922965,0.0,,direct,platt,pseudo
S0,S1,1,0.24128082272220627,0.25521980455672594,3,14,0.9634083769922965,0.982758132389175,0.0,,direct,platt,pseudo
S0,S1,1,0.24128082272220627,0.25521980455672594,3,15,0.982758132389175,0.9915826535048764,0.0,,direct,platt,pseudo
S0,S1,1,0.24128082272220627,0.25521980455672594,3,16,0.9915826535048764,0.9944389496553382,0.0,,direct,platt,pseudo
S0,S1,1,0.24128082272220627,0.25521980455672594,3,17,0.9944389496553382,inf,0.0,,direct,platt,pseudo
S0,S1,2,0.25521980455672594,0.2877440955039385,0,0,-inf,0.010620272077815312,0.058823529411764705,,direct,platt,pseudo
S0,S1,2,0.25521980455672594,0.2877440955039385,0,1,0.010620272077815312,0.014097532300413822,0.058823529411764705,,direct,platt,pseudo
S0,S1,2,0.25521980455672594,0.2877440955039385,0,2,0.014097532300413822,0.018235215871715553,0.0,,direct,platt,pseudo
S0,S1,2,0.25521980455672594,0.2877440955039385,0,3,0.018235215871715553,0.022382567382671508,0.08823529411764706,,direct,platt,pseudo
S0,S1,2,0.25521980455672594,0.2877440955039385,0,4,0.022382567382671508,0.033027282648612405,0.029411764705882353,,direct,platt,pseudo
S0,S1,2,0.25521980455672594,0.2877440955039385,0,5,0.033027282648612405,0.0378766046652331,0.11764705882352941,,direct,platt,pseudo
S0,S1,2,0.25521980455672594,0.2877440955039385,0,6,0.0378766046652331,0.05326079361308475,0.058823529411764705,,direct,platt,pseudo
S0,S1,2,0.25521980455672594,0.2877440955039385,0,7,0.05326079361308475,0.3198298340704176,0.029411764705882353,,direct,platt,pseudo
S0,S1,2,0.25521980455672594,0.2877440955039385,0,8,0.3198298340704176,0.7156777813610549,0.058823529411764705,,direct,platt,pseudo
S0,S1,2,0.25521980455672594,0.2877440955039385,0,9,0.7156777813610549,0.7638756098407277,0.058823529411764705,,direct,platt,pseudo
S0,S1,2,0.25521980455672594,0.2877440955039385,0,10,0.7638756098407277,0.7926637571855497,0.029411764705882353,,direct,platt,pseudo
S0,S1,2,0.25521980455672594,0.2877440955039385,0,11,0.7926637571855497,0.8479109241211574,0.058823529411764705,,direct,platt,pseudo
S0,S1,2,0.25521980455672594,0.2877440955039385,0,12,0.8479109241211574,0.9160674554794573,0.029411764705882353,,direct,platt,pseudo
S0,S1,2,0.25521980455672594,0.2877440955039385,0,13,0.9160674554794573,0.9634083769922965,0.058823529411764705,,direct,platt,pseudo
S0,S1,2,0.25521980455672594,0.2877440955039385,0,14,0.9634083769922965,0.982758132389175,0.058823529411764705,,direct,platt,pseudo
S0,S1,2,0.25521980455672594,0.2877440955039385,0,15,0.982758132389175,0.9915826535048764,0.029411764705882353,,direct,platt,pseudo
S0,S1,2,0.25521980455672594,0.2877440955039385,0,16,0.9915826535048764,0.9944389496553382,0.08823529411764706,,direct,platt,pseudo
S0,S1,2,0.25521980455672594,0.2877440955039385,0,17,0.9944389496553382,inf,0.08823529411764706,,direct,platt,pseudo
S0,S1,3,0.2877440955039385,0.31393656922356533,3,0,-inf,0.010620272077815312,0.3333333333333333,0.0036873338251840896,direct,platt,pseudo
S0,S1,3,0.2877440955039385,0.31393656922356533,3,1,0.010620272077815312,0.014097532300413822,0.3333333333333333,0.012324239341284505,direct,platt,pseudo
S0,S1,3,0.2877440955039385,0.31393656922356533,3,2,0.014097532300413822,0.018235215871715553,0.0,,direct,platt,pseudo
S0,S1,3,0.2877440955039385,0.31393656922356533,3,3,0.018235215871715553,0.022382567382671508,0.0,,direct,platt,pseudo
S0,S1,3,0.2877440955039385,0.31393656922356533,3,4,0.022382567382671508,0.033027282648612405,0.0,,direct,platt,pseudo
S0,S1,3,0.2877440955039385,0.31393656922356533,3,5,0.033027282648612405,0.0378766046652331,0.3333333333333333,0.033027282648612405,direct,platt,pseudo
S0,S1,3,0.2877440955039385,0.31393656922356533,3,6,0.0378766046652331,0.05326079361308475,0.0,,direct,platt,pseudo
S0,S1,3,0.2877440955039385,0.31393656922356533,3,7,0.05326079361308475,0.3198298340704176,0.0,,direct,platt,pseudo
S0,S1,3,0.2877440955039385,0.31393656922356533,3,8,0.3198298340704176,0.7156777813610549,0.0,,direct,platt,pseudo
S0,S1,3,0.2877440955039385,0.31393656922356533,3,9,0.7156777813610549,0.7638756098407277,0.0,,direct,platt,pseudo
S0,S1,3,0.2877440955039385,0.31393656922356533,3,10,0.7638756098407277,0.7926637571855497,0.0,,direct,platt,pseudo
S0,S1,3,0.2877440955039385,0.31393656922356533,3,11,0.7926637571855497,0.8479109241211574,0.0,,direct,platt,pseudo
S0,S1,3,0.2877440955039385,0.31393656922356533,3,12,0.8479109241211574,0.9160674554794573,0.0,,direct,platt,pseudo
S0,S1,3,0.2877440955039385,0.31393656922356533,3,13,0.9160674554794573,0.9634083769922965,0.0,,direct,platt,pseudo
S0,S1,3,0.2877440955039385,0.31393656922356533,3,14,0.9634083769922965,0.982758132389175,0.0,,direct,platt,pseudo
S0,S1,3,0.2877440955039385,0.31393656922356533,3,15,0.982758132389175,0.9915826535048764,0.0,,direct,platt,pseudo
S0,S1,3,0.2877440955039385,0.31393656922356533,3,16,0.9915826535048764,0.9944389496553382,0.0,,direct,platt,pseudo
S0,S1,3,0.2877440955039385,0.31393656922356533,3,17,0.9944389496553382,inf,0.0,,direct,platt,pseudo
S0,S1,4,0.31393656922356533,0.37219640838992557,1,0,-inf,0.010620272077815312,0.0,,direct,platt,pseudo
S0,S1,4,0.31393656922356533,0.37219640838992557,1,1,0.010620272077815312,0.014097532300413822,0.0,,direct,platt,pseudo
S0,S1,4,0.31393656922356533,0.37219640838992557,1,2,0.014097532300413822,0.018235215871715553,0.0,,direct,platt,pseudo
S0,S1,4,0.31393656922356533,0.37219640838992557,1,3,0.018235215871715553,0.022382567382671508,0.0,,direct,platt,pseudo
S0,S1,4,0.31393656922356533,0.37219640838992557,1,4,0.022382567382671508,0.033027282648612405,0.0,,direct,platt,pseudo
S0,S1,4,0.31393656922356533,0.37219640838992557,1,5,0.033027282648612405,0.0378766046652331,1.0,0.033027282648612405,direct,platt,pseudo
S0,S1,4,0.31393656922356533,0.37219640838992557,1,6,0.0378766046652331,0.05326079361308475,0.0,,direct,platt,pseudo
S0,S1,4,0.31393656922356533,0.37219640838992557,1,7,0.05326079361308475,0.3198298340704176,0.0,,direct,platt,pseudo
S0,S1,4,0.31393656922356533,0.37219640838992557,1,8,0.3198298340704176,0.7156777813610549,0.0,,direct,platt,pseudo
S0,S1,4,0.31393656922356533,0.37219640838992557,1,9,0.7156777813610549,0.7638756098407277,0.0,,direct,platt,pseudo
S0,S1,4,0.31393656922356533,0.37219640838992557,1,10,0.7638756098407277,0.7926637571855497,0.0,,direct,platt,pseudo
S0,S1,4,0.31393656922356533,0.37219640838992557,1,11,0.7926637571855497,0.8479109241211574,0.0,,direct,platt,pseudo
S0,S1,4,0.31393656922356533,0.37219640838992557,1,12,0.8479109241211574,0.9160674554794573,0.0,,direct,platt,pseudo
S0,S1,4,0.31393656922356533,0.37219640838992557,1,13,0.9160674554794573,0.9634083769922965,0.0,,direct,platt,pseudo
S0,S1,4,0.31393656922356533,0.37219640838992557,1,14,0.9634083769922965,0.982758132389175,0.0,,direct,platt,pseudo
S0,S1,4,0.31393656922356533,0.37219640838992557,1,15,0.982758132389175,0.9915826535048764,0.0,,direct,platt,pseudo
S0,S1,4,0.31393656922356533,0.37219640838992557,1,16,0.9915826535048764,0.9944389496553382,0.0,,direct,platt,pseudo
S0,S1,4,0.31393656922356533,0.37219640838992557,1,17,0.9944389496553382,inf,0.0,,direct,platt,pseudo
S0,S1,5,0.37219640838992557,0.41020129330316696,3,0,-inf,0.010620272077815312,0.0,,direct,platt,pseudo
S0,S1,5,0.37219640838992557,0.41020129330316696,3,1,0.010620272077815312,0.014097532300413822,0.0,,direct,platt,pseudo
S0,S1,5,0.37219640838992557,0.41020129330316696,3,2,0.014097532300413822,0.018235215871715553,0.0,,direct,platt,pseudo
S0,S1,5,0.37219640838992557,0.41020129330316696,3,3,0.018235215871715553,0.022382567382671508,0.3333333333333333,0.018235215871715553,direct,platt,pseudo
S0,S1,5,0.37219640838992557,0.41020129330316696,3,4,0.022382567382671508,0.033027282648612405,0.0,,direct,platt,pseudo
S0,S1,5,0.37219640838992557,0.41020129330316696,3,5,0.033027282648612405,0.0378766046652331,0.0,,direct,platt,pseudo
S0,S1,5,0.37219640838992557,0.41020129330316696,3,6,0.0378766046652331,0.05326079361308475,0.3333333333333333,0.04184423176974096,direct,platt,pseudo
S0,S1,5,0.37219640838992557,0.41020129330316696,3,7,0.05326079361308475,0.3198298340704176,0.0,,direct,platt,pseudo
S0,S1,5,0.37219640838992557,0.41020129330316696,3,8,0.3198298340704176,0.7156777813610549,0.0,,direct,platt,pseudo
S0,S1,5,0.37219640838992557,0.41020129330316696,3,9,0.7156777813610549,0.7638756098407277,0.0,,direct,platt,pseudo
S0,S1,5,0.37219640838992557,0.41020129330316696,3,10,0.7638756098407277,0.7926637571855497,0.0,,direct,platt,pseudo
S0,S1,5,0.37219640838992557,0.41020129330316696,3,11,0.7926637571855497,0.8479109241211574,0.0,,direct,platt,pseudo
S0,S1,5,0.37219640838992557,0.41020129330316696,3,12,0.8479109241211574,0.9160674554794573,0.0,,direct,platt,pseudo
S0,S1,5,0.37219640838992557,0.41020129330316696,3,13,0.9160674554794573,0.9634083769922965,0.0,,direct,platt,pseudo
S0,S1,5,0.37219640838992557,0.41020129330316696,3,14,0.9634083769922965,0.982758132389175,0.0,,direct,platt,pseudo
S0,S1,5,0.37219640838992557,0.41020129330316696,3,15,0.982758132389175,0.9915826535048764,0.0,,direct,platt,pseudo
S0,S1,5,0.37219640838992557,0.41020129330316696,3,16,0.9915826535048764,0.9944389496553382,0.0,,direct,platt,pseudo
S0,S1,5,0.37219640838992557,0.41020129330316696,3,17,0.9944389496553382,inf,0.3333333333333333,0.9967076774940878,direct,platt,pseudo
S0,S1,6,0.41020129330316696,0.44553651538541555,2,0,-inf,0.010620272077815312,0.0,,direct,platt,pseudo
S0,S1,6,0.41020129330316696,0.44553651538541555,2,1,0.010620272077815312,0.014097532300413822,0.0,,direct,platt,pseudo
S0,S1,6,0.41020129330316696,0.44553651538541555,2,2,0.014097532300413822,0.018235215871715553,0.0,,direct,platt,pseudo
S0,S1,6,0.41020129330316696,0.44553651538541555,2,3,0.018235215871715553,0.022382567382671508,0.5,0.018235215871715553,direct,platt,pseudo
S0,S1,6,0.41020129330316696,0.44553651538541555,2,4,0.022382567382671508,0.033027282648612405,0.0,,direct,platt,pseudo
S0,S1,6,0.41020129330316696,0.44553651538541555,2,5,0.033027282648612405,0.0378766046652331,0.0,,direct,platt,pseudo
S0,S1,6,0.41020129330316696,0.44553651538541555,2,6,0.0378766046652331,0.05326079361308475,0.0,,direct,platt,pseudo
S0,S1,6,0.41020129330316696,0.44553651538541555,2,7,0.05326079361308475,0.3198298340704176,0.0,,direct,platt,pseudo
S0,S1,6,0.41020129330316696,0.44553651538541555,2,8,0.3198298340704176,0.7156777813610549,0.0,,direct,platt,pseudo
S0,S1,6,0.41020129330316696,0.44553651538541555,2,9,0.7156777813610549,0.7638756098407277,0.0,,direct,platt,pseudo
S0,S1,6,0.41020129330316696,0.44553651538541555,2,10,0.7638756098407277,0.7926637571855497,0.0,,direct,platt,pseudo
S0,S1,6,0.41020129330316696,0.44553651538541555,2,11,0.7926637571855497,0.8479109241211574,0.0,,direct,platt,pseudo
S0,S1,6,0.41020129330316696,0.44553651538541555,2,12,0.8479109241211574,0.9160674554794573,0.0,,direct,platt,pseudo
S0,S1,6,0.41020129330316696,0.44553651538541555,2,13,0.9160674554794573,0.9634083769922965,0.0,,direct,platt,pseudo
S0,S1,6,0.41020129330316696,0.44553651538541555,2,14,0.9634083769922965,0.982758132389175,0.0,,direct,platt,pseudo
S0,S1,6,0.41020129330316696,0.44553651538541555,2,15,0.982758132389175,0.9915826535048764,0.0,,direct,platt,pseudo
S0,S1,6,0.41020129330316696,0.44553651538541555,2,16,0.9915826535048764,0.9944389496553382,0.0,,direct,platt,pseudo
S0,S1,6,0.41020129330316696,0.44553651538541555,2,17,0.9944389496553382,inf,0.5,0.9944389496553382,direct,platt,pseudo
S0,S1,7,0.44553651538541555,0.47343419863032027,2,0,-inf,0.010620272077815312,0.0,,direct,platt,pseudo
S0,S1,7,0.44553651538541555,0.47343419863032027,2,1,0.010620272077815312,0.014097532300413822,0.5,0.012324239341284505,direct,platt,pseudo
S0,S1,7,0.44553651538541555,0.47343419863032027,2,2,0.014097532300413822,0.018235215871715553,0.0,,direct,platt,pseudo
S0,S1,7,0.44553651538541555,0.47343419863032027,2,3,0.018235215871715553,0.022382567382671508,0.0,,direct,platt,pseudo
S0,S1,7,0.44553651538541555,0.47343419863032027,2,4,0.022382567382671508,0.033027282648612405,0.0,,direct,platt,pseudo
S0,S1,7,0.44553651538541555,0.47343419863032027,2,5,0.033027282648612405,0.0378766046652331,0.0,,direct,platt,pseudo
S0,S1,7,0.44553651538541555,0.47343419863032027,2,6,0.0378766046652331,0.05326079361308475,0.0,,direct,platt,pseudo
S0,S1,7,0.44553651538541555,0.47343419863032027,2,7,0.05326079361308475,0.3198298340704176,0.0,,direct,platt,pseudo
S0,S1,7,0.44553651538541555,0.47343419863032027,2,8,0.3198298340704176,0.7156777813610549,0.0,,direct,platt,pseudo
S0,S1,7,0.44553651538541555,0.47343419863032027,2,9,0.7156777813610549,0.7638756098407277,0.0,,direct,platt,pseudo
S0,S1,7,0.44553651538541555,0.47343419863032027,2,10,0.7638756098407277,0.7926637571855497,0.5,0.7742111283311085,direct,platt,pseudo
S0,S1,7,0.44553651538541555,0.47343419863032027,2,11,0.7926637571855497,0.8479109241211574,0.0,,direct,platt,pseudo
S0,S1,7,0.44553651538541555,0.47343419863032027,2,12,0.8479109241211574,0.9160674554794573,0.0,,direct,platt,pseudo
S0,S1,7,0.44553651538541555,0.47343419863032027,2,13,0.9160674554794573,0.9634083769922965,0.0,,direct,platt,pseudo
S0,S1,7,0.44553651538541555,0.47343419863032027,2,14,0.9634083769922965,0.982758132389175,0.0,,direct,platt,pseudo
S0,S1,7,0.44553651538541555,0.47343419863032027,2,15,0.982758132389175,0.9915826535048764,0.0,,direct,platt,pseudo
S0,S1,7,0.44553651538541555,0.47343419863032027,2,16,0.9915826535048764,0.9944389496553382,0.0,,direct,platt,pseudo
S0,S1,7,0.44553651538541555,0.47343419863032027,2,17,0.9944389496553382,inf,0.0,,direct,platt,pseudo
S0,S1,8,0.47343419863032027,0.47835731920295055,0,0,-inf,0.010620272077815312,0.058823529411764705,,direct,platt,pseudo
S0,S1,8,0.47343419863032027,0.47835731920295055,0,1,0.010620272077815312,0.014097532300413822,0.058823529411764705,,direct,platt,pseudo
S0,S1,8,0.47343419863032027,0.47835731920295055,0,2,0.014097532300413822,0.018235215871715553,0.0,,direct,platt,pseudo
S0,S1,8,0.47343419863032027,0.47835731920295055,0,3,0.018235215871715553,0.022382567382671508,0.08823529411764706,,direct,platt,pseudo
S0,S1,8,0.47343419863032027,0.47835731920295055,0,4,0.022382567382671508,0.033027282648612405,0.029411764705882353,,direct,platt,pseudo
S0,S1,8,0.47343419863032027,0.47835731920295055,0,5,0.033027282648612405,0.0378766046652331,0.11764705882352941,,direct,platt,pseudo
S0,S1,8,0.47343419863032027,0.47835731920295055,0,6,0.0378766046652331,0.05326079361308475,0.058823529411764705,,direct,platt,pseudo
S0,S1,8,0.47343419863032027,0.47835731920295055,0,7,0.05326079361308475,0.3198298340704176,0.029411764705882353,,direct,platt,pseudo
S0,S1,8,0.47343419863032027,0.47835731920295055,0,8,0.3198298340704176,0.7156777813610549,0.058823529411764705,,direct,platt,pseudo
S0,S1,8,0.47343419863032027,0.47835731920295055,0,9,0.7156777813610549,0.7638756098407277,0.058823529411764705,,direct,platt,pseudo
S0,S1,8,0.47343419863032027,0.47835731920295055,0,10,0.7638756098407277,0.7926637571855497,0.029411764705882353,,direct,platt,pseudo
S0,S1,8,0.47343419863032027,0.47835731920295055,0,11,0.7926637571855497,0.8479109241211574,0.058823529411764705,,direct,platt,pseudo
S0,S1,8,0.47343419863032027,0.47835731920295055,0,12,0.8479109241211574,0.9160674554794573,0.029411764705882353,,direct,platt,pseudo
S0,S1,8,0.47343419863032027,0.47835731920295055,0,13,0.9160674554794573,0.9634083769922965,0.058823529411764705,,direct,platt,pseudo
S0,S1,8,0.47343419863032027,0.47835731920295055,0,14,0.9634083769922965,0.982758132389175,0.058823529411764705,,direct,platt,pseudo
S0,S1,8,0.47343419863032027,0.47835731920295055,0,15,0.982758132389175,0.9915826535048764,0.029411764705882353,,direct,platt,pseudo
S0,S1,8,0.47343419863032027,0.47835731920295055,0,16,0.9915826535048764,0.9944389496553382,0.08823529411764706,,direct,platt,pseudo
S0,S1,8,0.47343419863032027,0.47835731920295055,0,17,0.9944389496553382,inf,0.08823529411764706,,direct,platt,pseudo
S0,S1,9,0.47835731920295055,0.508832500584145,6,0,-inf,0.010620272077815312,0.16666666666666666,0.007455761445658235,direct,platt,pseudo
S0,S1,9,0.47835731920295055,0.508832500584145,6,1,0.010620272077815312,0.014097532300413822,0.0,,direct,platt,pseudo
S0,S1,9,0.47835731920295055,0.508832500584145,6,2,0.014097532300413822,0.018235215871715553,0.0,,direct,platt,pseudo
S0,S1,9,0.47835731920295055,0.508832500584145,6,3,0.018235215871715553,0.022382567382671508,0.16666666666666666,0.018235215871715553,direct,platt,pseudo
S0,S1,9,0.47835731920295055,0.508832500584145,6,4,0.022382567382671508,0.033027282648612405,0.0,,direct,platt,pseudo
S0,S1,9,0.47835731920295055,0.508832500584145,6,5,0.033027282648612405,0.0378766046652331,0.0,,direct,platt,pseudo
S0,S1,9,0.47835731920295055,0.508832500584145,6,6,0.0378766046652331,0.05326079361308475,0.0,,direct,platt,pseudo
S0,S1,9,0.47835731920295055,0.508832500584145,6,7,0.05326079361308475,0.3198298340704176,0.16666666666666666,0.09892704098645962,direct,platt,pseudo
S0,S1,9,0.47835731920295055,0.508832500584145,6,8,0.3198298340704176,0.7156777813610549,0.16666666666666666,0.35881267990876325,direct,platt,pseudo
S0,S1,9,0.47835731920295055,0.508832500584145,6,9,0.7156777813610549,0.7638756098407277,0.16666666666666666,0.7620516948130134,direct,platt,pseudo
S0,S1,9,0.47835731920295055,0.508832500584145,6,10,0.7638756098407277,0.7926637571855497,0.0,,direct,platt,pseudo
S0,S1,9,0.47835731920295055,0.508832500584145,6,11,0.7926637571855497,0.8479109241211574,0.0,,direct,platt,pseudo
S0,S1,9,0.47835731920295055,0.508832500584145,6,12,0.8479109241211574,0.9160674554794573,0.0,,direct,platt,pseudo
S0,S1,9,0.47835731920295055,0.508832500584145,6,13,0.9160674554794573,0.9634083769922965,0.0,,direct,platt,pseudo
S0,S1,9,0.47835731920295055,0.508832500584145,6,14,0.9634083769922965,0.982758132389175,0.0,,direct,platt,pseudo
S0,S1,9,0.47835731920295055,0.508832500584145,6,15,0.982758132389175,0.9915826535048764,0.0,,direct,platt,pseudo
S0,S1,9,0.47835731920295055,0.508832500584145,6,16,0.9915826535048764,0.9944389496553382,0.16666666666666666,0.9915826535048764,direct,platt,pseudo
S0,S1,9,0.47835731920295055,0.508832500584145,6,17,0.9944389496553382,inf,0.0,,direct,platt,pseudo
S0,S1,10,0.508832500584145,0.5397627609356421,3,0,-inf,0.010620272077815312,0.0,,direct,platt,pseudo
S0,S1,10,0.508832500584145,0.5397627609356421,3,1,0.010620272077815312,0.014097532300413822,0.0,,direct,platt,pseudo
S0,S1,10,0.508832500584145,0.5397627609356421,3,2,0.014097532300413822,0.018235215871715553,0.0,,direct,platt,pseudo
S0,S1,10,0.508832500584145,0.5397627609356421,3,3,0.018235215871715553,0.022382567382671508,0.0,,direct,platt,pseudo
S0,S1,10,0.508832500584145,0.5397627609356421,3,4,0.022382567382671508,0.033027282648612405,0.0,,direct,platt,pseudo
S0,S1,10,0.508832500584145,0.5397627609356421,3,5,0.033027282648612405,0.0378766046652331,0.0,,direct,platt,pseudo
S0,S1,10,0.508832500584145,0.5397627609356421,3,6,0.0378766046652331,0.05326079361308475,0.0,,direct,platt,pseudo
S0,S1,10,0.508832500584145,0.5397627609356421,3,7,0.05326079361308475,0.3198298340704176,0.0,,direct,platt,pseudo
S0,S1,10,0.508832500584145,0.5397627609356421,3,8,0.3198298340704176,0.7156777813610549,0.3333333333333333,0.6948920912411225,direct,platt,pseudo
S0,S1,10,0.508832500584145,0.5397627609356421,3,9,0.7156777813610549,0.7638756098407277,0.0,,direct,platt,pseudo
S0,S1,10,0.508832500584145,0.5397627609356421,3,10,0.7638756098407277,0.7926637571855497,0.0,,direct,platt,pseudo
S0,S1,10,0.508832500584145,0.5397627609356421,3,11,0.7926637571855497,0.8479109241211574,0.0,,direct,platt,pseudo
S0,S1,10,0.508832500584145,0.5397627609356421,3,12,0.8479109241211574,0.9160674554794573,0.0,,direct,platt,pseudo
S0,S1,10,0.508832500584145,0.5397627609356421,3,13,0.9160674554794573,0.9634083769922965,0.3333333333333333,0.9160674554794573,direct,platt,pseudo
S0,S1,10,0.508832500584145,0.5397627609356421,3,14,0.9634083769922965,0.982758132389175,0.0,,direct,platt,pseudo
S0,S1,10,0.508832500584145,0.5397627609356421,3,15,0.982758132389175,0.9915826535048764,0.0,,direct,platt,pseudo
S0,S1,10,0.508832500584145,0.5397627609356421,3,16,0.9915826535048764,0.9944389496553382,0.3333333333333333,0.9915826535048764,direct,platt,pseudo
S0,S1,10,0.508832500584145,0.5397627609356421,3,17,0.9944389496553382,inf,0.0,,direct,platt,pseudo
S0,S1,11,0.5397627609356421,0.5817617880187196,1,0,-inf,0.010620272077815312,0.0,,direct,platt,pseudo
S0,S1,11,0.5397627609356421,0.5817617880187196,1,1,0.010620272077815312,0.014097532300413822,0.0,,direct,platt,pseudo
S0,S1,11,0.5397627609356421,0.5817617880187196,1,2,0.014097532300413822,0.018235215871715553,0.0,,direct,platt,pseudo
S0,S1,11,0.5397627609356421,0.5817617880187196,1,3,0.018235215871715553,0.022382567382671508,0.0,,direct,platt,pseudo
S0,S1,11,0.5397627609356421,0.5817617880187196,1,4,0.022382567382671508,0.033027282648612405,0.0,,direct,platt,pseudo
S0,S1,11,0.5397627609356421,0.5817617880187196,1,5,0.033027282648612405,0.0378766046652331,0.0,,direct,platt,pseudo
S0,S1,11,0.5397627609356421,0.5817617880187196,1,6,0.0378766046652331,0.05326079361308475,0.0,,direct,platt,pseudo
S0,S1,11,0.5397627609356421,0.5817617880187196,1,7,0.05326079361308475,0.3198298340704176,0.0,,direct,platt,pseudo
S0,S1,11,0.5397627609356421,0.5817617880187196,1,8,0.3198298340704176,0.7156777813610549,0.0,,direct,platt,pseudo
S0,S1,11,0.5397627609356421,0.5817617880187196,1,9,0.7156777813610549,0.7638756098407277,0.0,,direct,platt,pseudo
S0,S1,11,0.5397627609356421,0.5817617880187196,1,10,0.7638756098407277,0.7926637571855497,0.0,,direct,platt,pseudo
S0,S1,11,0.5397627609356421,0.5817617880187196,1,11,0.7926637571855497,0.8479109241211574,1.0,0.79727691439916,direct,platt,pseudo
S0,S1,11,0.5397627609356421,0.5817617880187196,1,12,0.8479109241211574,0.9160674554794573,0.0,,direct,platt,pseudo
S0,S1,11,0.5397627609356421,0.5817617880187196,1,13,0.9160674554794573,0.9634083769922965,0.0,,direct,platt,pseudo
S0,S1,11,0.5397627609356421,0.5817617880187196,1,14,0.9634083769922965,0.982758132389175,0.0,,direct,platt,pseudo
S0,S1,11,0.5397627609356421,0.5817617880187196,1,15,0.982758132389175,0.9915826535048764,0.0,,direct,platt,pseudo
S0,S1,11,0.5397627609356421,0.5817617880187196,1,16,0.9915826535048764,0.9944389496553382,0.0,,direct,platt,pseudo
S0,S1,11,0.5397627609356421,0.5817617880187196,1,17,0.9944389496553382,inf,0.0,,direct,platt,pseudo
S0,S1,12,0.5817617880187196,0.6190966422973674,2,0,-inf,0.010620272077815312,0.0,,direct,platt,pseudo
S0,S1,12,0.5817617880187196,0.6190966422973674,2,1,0.010620272077815312,0.014097532300413822,0.0,,direct,platt,pseudo
S0,S1,12,0.5817617880187196,0.6190966422973674,2,2,0.014097532300413822,0.018235215871715553,0.0,,direct,platt,pseudo
S0,S1,12,0.5817617880187196,0.6190966422973674,2,3,0.018235215871715553,0.022382567382671508,0.0,,direct,platt,pseudo
S0,S1,12,0.5817617880187196,0.6190966422973674,2,4,0.022382567382671508,0.033027282648612405,0.0,,direct,platt,pseudo
S0,S1,12,0.5817617880187196,0.6190966422973674,2,5,0.033027282648612405,0.0378766046652331,0.0,,direct,platt,pseudo
S0,S1,12,0.5817617880187196,0.6190966422973674,2,6,0.0378766046652331,0.05326079361308475,0.0,,direct,platt,pseudo
S0,S1,12,0.5817617880187196,0.6190966422973674,2,7,0.05326079361308475,0.3198298340704176,0.0,,direct,platt,pseudo
S0,S1,12,0.5817617880187196,0.6190966422973674,2,8,0.3198298340704176,0.7156777813610549,0.0,,direct,platt,pseudo
S0,S1,12,0.5817617880187196,0.6190966422973674,2,9,0.7156777813610549,0.7638756098407277,0.0,,direct,platt,pseudo
S0,S1,12,0.5817617880187196,0.6190966422973674,2,10,0.7638756098407277,0.7926637571855497,0.0,,direct,platt,pseudo
S0,S1,12,0.5817617880187196,0.6190966422973674,2,11,0.7926637571855497,0.8479109241211574,0.0,,direct,platt,pseudo
S0,S1,12,0.5817617880187196,0.6190966422973674,2,12,0.8479109241211574,0.9160674554794573,0.0,,direct,platt,pseudo
S0,S1,12,0.5817617880187196,0.6190966422973674,2,13,0.9160674554794573,0.9634083769922965,0.5,0.9160674554794573,direct,platt,pseudo
S0,S1,12,0.5817617880187196,0.6190966422973674,2,14,0.9634083769922965,0.982758132389175,0.0,,direct,platt,pseudo
S0,S1,12,0.5817617880187196,0.6190966422973674,2,15,0.982758132389175,0.9915826535048764,0.0,,direct,platt,pseudo
S0,S1,12,0.5817617880187196,0.6190966422973674,2,16,0.9915826535048764,0.9944389496553382,0.0,,direct,platt,pseudo
S0,S1,12,0.5817617880187196,0.6190966422973674,2,17,0.9944389496553382,inf,0.5,0.9944389496553382,direct,platt,pseudo
S0,S1,13,0.6190966422973674,0.722631276328682,2,0,-inf,0.010620272077815312,0.0,,direct,platt,pseudo
S0,S1,13,0.6190966422973674,0.722631276328682,2,1,0.010620272077815312,0.014097532300413822,0.0,,direct,platt,pseudo
S0,S1,13,0.6190966422973674,0.722631276328682,2,2,0.014097532300413822,0.018235215871715553,0.0,,direct,platt,pseudo
S0,S1,13,0.6190966422973674,0.722631276328682,2,3,0.018235215871715553,0.022382567382671508,0.0,,direct,platt,pseudo
S0,S1,13,0.6190966422973674,0.722631276328682,2,4,0.022382567382671508,0.033027282648612405,0.5,0.02514746838997547,direct,platt,pseudo
S0,S1,13,0.6190966422973674,0.722631276328682,2,5,0.033027282648612405,0.0378766046652331,0.0,,direct,platt,pseudo
S0,S1,13,0.6190966422973674,0.722631276328682,2,6,0.0378766046652331,0.05326079361308475,0.0,,direct,platt,pseudo
S0,S1,13,0.6190966422973674,0.722631276328682,2,7,0.05326079361308475,0.3198298340704176,0.0,,direct,platt,pseudo
S0,S1,13,0.6190966422973674,0.722631276328682,2,8,0.3198298340704176,0.7156777813610549,0.0,,direct,platt,pseudo
S0,S1,13,0.6190966422973674,0.722631276328682,2,9,0.7156777813610549,0.7638756098407277,0.0,,direct,platt,pseudo
S0,S1,13,0.6190966422973674,0.722631276328682,2,10,0.7638756098407277,0.7926637571855497,0.0,,direct,platt,pseudo
S0,S1,13,0.6190966422973674,0.722631276328682,2,11,0.7926637571855497,0.8479109241211574,0.0,,direct,platt,pseudo
S0,S1,13,0.6190966422973674,0.722631276328682,2,12,0.8479109241211574,0.9160674554794573,0.0,,direct,platt,pseudo
S0,S1,13,0.6190966422973674,0.722631276328682,2,13,0.9160674554794573,0.9634083769922965,0.0,,direct,platt,pseudo
S0,S1,13,0.6190966422973674,0.722631276328682,2,14,0.9634083769922965,0.982758132389175,0.0,,direct,platt,pseudo
S0,S1,13,0.6190966422973674,0.722631276328682,2,15,0.982758132389175,0.9915826535048764,0.5,0.9881123047280731,direct,platt,pseudo
S0,S1,13,0.6190966422973674,0.722631276328682,2,16,0.9915826535048764,0.9944389496553382,0.0,,direct,platt,pseudo
S0,S1,13,0.6190966422973674,0.722631276328682,2,17,0.9944389496553382,inf,0.0,,direct,platt,pseudo
S0,S1,14,0.722631276328682,0.8645576469965303,1,0,-inf,0.010620272077815312,0.0,,direct,platt,pseudo
S0,S1,14,0.722631276328682,0.8645576469965303,1,1,0.010620272077815312,0.014097532300413822,0.0,,direct,platt,pseudo
S0,S1,14,0.722631276328682,0.8645576469965303,1,2,0.014097532300413822,0.018235215871715553,0.0,,direct,platt,pseudo
S0,S1,14,0.722631276328682,0.8645576469965303,1,3,0.018235215871715553,0.022382567382671508,0.0,,direct,platt,pseudo
S0,S1,14,0.722631276328682,0.8645576469965303,1,4,0.022382567382671508,0.033027282648612405,0.0,,direct,platt,pseudo
S0,S1,14,0.722631276328682,0.8645576469965303,1,5,0.033027282648612405,0.0378766046652331,0.0,,direct,platt,pseudo
S0,S1,14,0.722631276328682,0.8645576469965303,1,6,0.0378766046652331,0.05326079361308475,0.0,,direct,platt,pseudo
S0,S1,14,0.722631276328682,0.8645576469965303,1,7,0.05326079361308475,0.3198298340704176,0.0,,direct,platt,pseudo
S0,S1,14,0.722631276328682,0.8645576469965303,1,8,0.3198298340704176,0.7156777813610549,0.0,,direct,platt,pseudo
S0,S1,14,0.722631276328682,0.8645576469965303,1,9,0.7156777813610549,0.7638756098407277,0.0,,direct,platt,pseudo
S0,S1,14,0.722631276328682,0.8645576469965303,1,10,0.7638756098407277,0.7926637571855497,0.0,,direct,platt,pseudo
S0,S1,14,0.722631276328682,0.8645576469965303,1,11,0.7926637571855497,0.8479109241211574,1.0,0.79727691439916,direct,platt,pseudo
S0,S1,14,0.722631276328682,0.8645576469965303,1,12,0.8479109241211574,0.9160674554794573,0.0,,direct,platt,pseudo
S0,S1,14,0.722631276328682,0.8645576469965303,1,13,0.9160674554794573,0.9634083769922965,0.0,,direct,platt,pseudo
S0,S1,14,0.722631276328682,0.8645576469965303,1,14,0.9634083769922965,0.982758132389175,0.0,,direct,platt,pseudo
S0,S1,14,0.722631276328682,0.8645576469965303,1,15,0.982758132389175,0.9915826535048764,0.0,,direct,platt,pseudo
S0,S1,14,0.722631276328682,0.8645576469965303,1,16,0.9915826535048764,0.9944389496553382,0.0,,direct,platt,pseudo
S0,S1,14,0.722631276328682,0.8645576469965303,1,17,0.9944389496553382,inf,0.0,,direct,platt,pseudo
S0,S1,15,0.8645576469965303,0.9267967605927324,2,0,-inf,0.010620272077815312,0.0,,direct,platt,pseudo
S0,S1,15,0.8645576469965303,0.9267967605927324,2,1,0.010620272077815312,0.014097532300413822,0.0,,direct,platt,pseudo
S0,S1,15,0.8645576469965303,0.9267967605927324,2,2,0.014097532300413822,0.018235215871715553,0.0,,direct,platt,pseudo
S0,S1,15,0.8645576469965303,0.9267967605927324,2,3,0.018235215871715553,0.022382567382671508,0.0,,direct,platt,pseudo
S0,S1,15,0.8645576469965303,0.9267967605927324,2,4,0.022382567382671508,0.033027282648612405,0.0,,direct,platt,pseudo
S0,S1,15,0.8645576469965303,0.9267967605927324,2,5,0.033027282648612405,0.0378766046652331,0.0,,direct,platt,pseudo
S0,S1,15,0.8645576469965303,0.9267967605927324,2,6,0.0378766046652331,0.05326079361308475,0.0,,direct,platt,pseudo
S0,S1,15,0.8645576469965303,0.9267967605927324,2,7,0.05326079361308475,0.3198298340704176,0.0,,direct,platt,pseudo
S0,S1,15,0.8645576469965303,0.9267967605927324,2,8,0.3198298340704176,0.7156777813610549,0.0,,direct,platt,pseudo
S0,S1,15,0.8645576469965303,0.9267967605927324,2,9,0.7156777813610549,0.7638756098407277,0.0,,direct,platt,pseudo
S0,S1,15,0.8645576469965303,0.9267967605927324,2,10,0.7638756098407277,0.7926637571855497,0.0,,direct,platt,pseudo
S0,S1,15,0.8645576469965303,0.9267967605927324,2,11,0.7926637571855497,0.8479109241211574,0.0,,direct,platt,pseudo
S0,S1,15,0.8645576469965303,0.9267967605927324,2,12,0.8479109241211574,0.9160674554794573,0.5,0.9097969360035989,direct,platt,pseudo
S0,S1,15,0.8645576469965303,0.9267967605927324,2,13,0.9160674554794573,0.9634083769922965,0.0,,direct,platt,pseudo
S0,S1,15,0.8645576469965303,0.9267967605927324,2,14,0.9634083769922965,0.982758132389175,0.5,0.9791886841632429,direct,platt,pseudo
S0,S1,15,0.8645576469965303,0.9267967605927324,2,15,0.982758132389175,0.9915826535048764,0.0,,direct,platt,pseudo
S0,S1,15,0.8645576469965303,0.9267967605927324,2,16,0.9915826535048764,0.9944389496553382,0.0,,direct,platt,pseudo
S0,S1,15,0.8645576469965303,0.9267967605927324,2,17,0.9944389496553382,inf,0.0,,direct,platt,pseudo
S0,S1,16,0.9267967605927324,inf,2,0,-inf,0.010620272077815312,0.0,,direct,platt,pseudo
S0,S1,16,0.9267967605927324,inf,2,1,0.010620272077815312,0.014097532300413822,0.0,,direct,platt,pseudo
S0,S1,16,0.9267967605927324,inf,2,2,0.014097532300413822,0.018235215871715553,0.0,,direct,platt,pseudo
S0,S1,16,0.9267967605927324,inf,2,3,0.018235215871715553,0.022382567382671508,0.0,,direct,platt,pseudo
S0,S1,16,0.9267967605927324,inf,2,4,0.022382567382671508,0.033027282648612405,0.0,,direct,platt,pseudo
S0,S1,16,0.9267967605927324,inf,2,5,0.033027282648612405,0.0378766046652331,0.0,,direct,platt,pseudo
S0,S1,16,0.9267967605927324,inf,2,6,0.0378766046652331,0.05326079361308475,0.0,,direct,platt,pseudo
S0,S1,16,0.9267967605927324,inf,2,7,0.05326079361308475,0.3198298340704176,0.0,,direct,platt,pseudo
S0,S1,16,0.9267967605927324,inf,2,8,0.3198298340704176,0.7156777813610549,0.0,,direct,platt,pseudo
S0,S1,16,0.9267967605927324,inf,2,9,0.7156777813610549,0.7638756098407277,0.0,,direct,platt,pseudo
S0,S1,16,0.9267967605927324,inf,2,10,0.7638756098407277,0.7926637571855497,0.0,,direct,platt,pseudo
S0,S1,16,0.9267967605927324,inf,2,11,0.7926637571855497,0.8479109241211574,0.0,,direct,platt,pseudo
S0,S1,16,0.9267967605927324,inf,2,12,0.8479109241211574,0.9160674554794573,0.0,,direct,platt,pseudo
S0,S1,16,0.9267967605927324,inf,2,13,0.9160674554794573,0.9634083769922965,0.0,,direct,platt,pseudo
S0,S1,16,0.9267967605927324,inf,2,14,0.9634083769922965,0.982758132389175,0.5,0.9791886841632429,direct,platt,pseudo
S0,S1,16,0.9267967605927324,inf,2,15,0.982758132389175,0.9915826535048764,0.0,,direct,platt,pseudo
S0,S1,16,0.9267967605927324,inf,2,16,0.9915826535048764,0.9944389496553382,0.5,0.9915826535048764,direct,platt,pseudo
S0,S1,16,0.9267967605927324,inf,2,17,0.9944389496553382,inf,0.0,,direct,platt,pseudo
S1,S2,0,-inf,0.010376848183033997,2,0,-inf,0.006783217147398371,1.0,0.0026015438621117145,direct,platt,pseudo
S1,S2,0,-inf,0.010376848183033997,2,1,0.006783217147398371,0.008961531451052083,0.0,,direct,platt,pseudo
S1,S2,0,-inf,0.010376848183033997,2,2,0.008961531451052083,0.011843021859296695,0.0,,direct,platt,pseudo
S1,S2,0,-inf,0.010376848183033997,2,3,0.011843021859296695,0.012563394461357848,0.0,,direct,platt,pseudo
S1,S2,0,-inf,0.010376848183033997,2,4,0.012563394461357848,0.015074947361016293,0.0,,direct,platt,pseudo
S1,S2,0,-inf,0.010376848183033997,2,5,0.015074947361016293,0.0177035900159954,0.0,,direct,platt,pseudo
S1,S2,0,-inf,0.010376848183033997,2,6,0.0177035900159954,0.05435626980469879,0.0,,direct,platt,pseudo
S1,S2,0,-inf,0.010376848183033997,2,7,0.05435626980469879,0.1645361571924387,0.0,,direct,platt,pseudo
S1,S2,0,-inf,0.010376848183033997,2,8,0.1645361571924387,0.5377623918771048,0.0,,direct,platt,pseudo
S1,S2,0,-inf,0.010376848183033997,2,9,0.5377623918771048,0.7309720348680436,0.0,,direct,platt,pseudo
S1,S2,0,-inf,0.010376848183033997,2,10,0.7309720348680436,0.860608870546315,0.0,,direct,platt,pseudo
S1,S2,0,-inf,0.010376848183033997,2,11,0.860608870546315,0.9145477985803009,0.0,,direct,platt,pseudo
S1,S2,0,-inf,0.010376848183033997,2,12,0.9145477985803009,0.9480461572071225,0.0,,direct,platt,pseudo
S1,S2,0,-inf,0.010376848183033997,2,13,0.9480461572071225,0.9689931485541184,0.0,,direct,platt,pseudo
S1,S2,0,-inf,0.010376848183033997,2,14,0.9689931485541184,0.9753588588334136,0.0,,direct,platt,pseudo
S1,S2,0,-inf,0.010376848183033997,2,15,0.9753588588334136,0.9862842883778797,0.0,,direct,platt,pseudo
S1,S2,0,-inf,0.010376848183033997,2,16,0.9862842883778797,0.9900706563596138,0.0,,direct,platt,pseudo
S1,S2,0,-inf,0.010376848183033997,2,17,0.9900706563596138,0.991583669031604,0.0,,direct,platt,pseudo
S1,S2,0,-inf,0.010376848183033997,2,18,0.991583669031604,inf,0.0,,direct,platt,pseudo
S1,S2,1,0.010376848183033997,0.013506434647370716,2,0,-inf,0.006783217147398371,0.0,,direct,platt,pseudo
S1,S2,1,0.010376848183033997,0.013506434647370716,2,1,0.006783217147398371,0.008961531451052083,0.0,,direct,platt,pseudo
S1,S2,1,0.010376848183033997,0.013506434647370716,2,2,0.008961531451052083,0.011843021859296695,1.0,0.008961531451052083,direct,platt,pseudo
S1,S2,1,0.010376848183033997,0.013506434647370716,2,3,0.011843021859296695,0.012563394461357848,0.0,,direct,platt,pseudo
S1,S2,1,0.010376848183033997,0.013506434647370716,2,4,0.012563394461357848,0.015074947361016293,0.0,,direct,platt,pseudo
S1,S2,1,0.010376848183033997,0.013506434647370716,2,5,0.015074947361016293,0.0177035900159954,0.0,,direct,platt,pseudo
S1,S2,1,0.010376848183033997,0.013506434647370716,2,6,0.0177035900159954,0.05435626980469879,0.0,,direct,platt,pseudo
S1,S2,1,0.010376848183033997,0.013506434647370716,2,7,0.05435626980469879,0.1645361571924387,0.0,,direct,platt,pseudo
S1,S2,1,0.010376848183033997,0.013506434647370716,2,8,0.1645361571924387,0.5377623918771048,0.0,,direct,platt,pseudo
S1,S2,1,0.010376848183033997,0.013506434647370716,2,9,0.5377623918771048,0.7309720348680436,0.0,,direct,platt,pseudo
S1,S2,1,0.010376848183033997,0.013506434647370716,2,10,0.7309720348680436,0.860608870546315,0.0,,direct,platt,pseudo
S1,S2,1,0.010376848183033997,0.013506434647370716,2,11,0.860608870546315,0.9145477985803009,0.0,,direct,platt,pseudo
S1,S2,1,0.010376848183033997,0.013506434647370716,2,12,0.9145477985803009,0.9480461572071225,0.0,,direct,platt,pseudo
S1,S2,1,0.010376848183033997,0.013506434647370716,2,13,0.9480461572071225,0.9689931485541184,0.0,,direct,platt,pseudo
S1,S2,1,0.010376848183033997,0.013506434647370716,2,14,0.9689931485541184,0.9753588588334136,0.0,,direct,platt,pseudo
S1,S2,1,0.010376848183033997,0.013506434647370716,2,15,0.9753588588334136,0.9862842883778797,0.0,,direct,platt,pseudo
S1,S2,1,0.010376848183033997,0.013506434647370716,2,16,0.9862842883778797,0.9900706563596138,0.0,,direct,platt,pseudo
S1,S2,1,0.010376848183033997,0.013506434647370716,2,17,0.9900706563596138,0.991583669031604,0.0,,direct,platt,pseudo
S1,S2,1,0.010376848183033997,0.013506434647370716,2,18,0.991583669031604,inf,0.0,,direct,platt,pseudo
S1,S2,2,0.013506434647370716,0.018235215871715553,0,0,-inf,0.006783217147398371,0.06060606060606061,,direct,platt,pseudo
S1,S2,2,0.013506434647370716,0.018235215871715553,0,1,0.006783217147398371,0.008961531451052083,0.0,,direct,platt,pseudo
S1,S2,2,0.013506434647370716,0.018235215871715553,0,2,0.008961531451052083,0.011843021859296695,0.09090909090909091,,direct,platt,pseudo
S1,S2,2,0.013506434647370716,0.018235215871715553,0,3,0.011843021859296695,0.012563394461357848,0.0,,direct,platt,pseudo
S1,S2,2,0.013506434647370716,0.018235215871715553,0,4,0.012563394461357848,0.015074947361016293,0.15151515151515152,,direct,platt,pseudo
S1,S2,2,0.013506434647370716,0.018235215871715553,0,5,0.015074947361016293,0.0177035900159954,0.06060606060606061,,direct,platt,pseudo
S1,S2,2,0.013506434647370716,0.018235215871715553,0,6,0.0177035900159954,0.05435626980469879,0.030303030303030304,,direct,platt,pseudo
S1,S2,2,0.013506434647370716,0.018235215871715553,0,7,0.05435626980469879,0.1645361571924387,0.06060606060606061,,direct,platt,pseudo
S1,S2,2,0.013506434647370716,0.018235215871715553,0,8,0.1645361571924387,0.5377623918771048,0.030303030303030304,,direct,platt,pseudo
S1,S2,2,0.013506434647370716,0.018235215871715553,0,9,0.5377623918771048,0.7309720348680436,0.06060606060606061,,direct,platt,pseudo
S1,S2,2,0.013506434647370716,0.018235215871715553,0,10,0.7309720348680436,0.860608870546315,0.06060606060606061,,direct,platt,pseudo
S1,S2,2,0.013506434647370716,0.018235215871715553,0,11,0.860608870546315,0.9145477985803009,0.030303030303030304,,direct,platt,pseudo
S1,S2,2,0.013506434647370716,0.018235215871715553,0,12,0.9145477985803009,0.9480461572071225,0.06060606060606061,,direct,platt,pseudo
S1,S2,2,0.013506434647370716,0.018235215871715553,0,13,0.9480461572071225,0.9689931485541184,0.030303030303030304,,direct,platt,pseudo
S1,S2,2,0.013506434647370716,0.018235215871715553,0,14,0.9689931485541184,0.9753588588334136,0.06060606060606061,,direct,platt,pseudo
S1,S2,2,0.013506434647370716,0.018235215871715553,0,15,0.9753588588334136,0.9862842883778797,0.06060606060606061,,direct,platt,pseudo
S1,S2,2,0.013506434647370716,0.018235215871715553,0,16,0.9862842883778797,0.9900706563596138,0.0,,direct,platt,pseudo
S1,S2,2,0.013506434647370716,0.018235215871715553,0,17,0.9900706563596138,0.991583669031604,0.09090909090909091,,direct,platt,pseudo
S1,S2,2,0.013506434647370716,0.018235215871715553,0,18,0.991583669031604,inf,0.06060606060606061,,direct,platt,pseudo
S1,S2,3,0.018235215871715553,0.021000116879019523,3,0,-inf,0.006783217147398371,0.0,,direct,platt,pseudo
S1,S2,3,0.018235215871715553,0.021000116879019523,3,1,0.006783217147398371,0.008961531451052083,0.0,,direct,platt,pseudo
S1,S2,3,0.018235215871715553,0.021000116879019523,3,2,0.008961531451052083,0.011843021859296695,0.3333333333333333,0.008961531451052083,direct,platt,pseudo
S1,S2,3,0.018235215871715553,0.021000116879019523,3,3,0.011843021859296695,0.012563394461357848,0.0,,direct,platt,pseudo
S1,S2,3,0.018235215871715553,0.021000116879019523,3,4,0.012563394461357848,0.015074947361016293,0.6666666666666666,0.012563394461357848,direct,platt,pseudo
S1,S2,3,0.018235215871715553,0.021000116879019523,3,5,0.015074947361016293,0.0177035900159954,0.0,,direct,platt,pseudo
S1,S2,3,0.018235215871715553,0.021000116879019523,3,6,0.0177035900159954,0.05435626980469879,0.0,,direct,platt,pseudo
S1,S2,3,0.018235215871715553,0.021000116879019523,3,7,0.05435626980469879,0.1645361571924387,0.0,,direct,platt,pseudo
S1,S2,3,0.018235215871715553,0.021000116879019523,3,8,0.1645361571924387,0.5377623918771048,0.0,,direct,platt,pseudo
S1,S2,3,0.018235215871715553,0.021000116879019523,3,9,0.5377623918771048,0.7309720348680436,0.0,,direct,platt,pseudo
S1,S2,3,0.018235215871715553,0.021000116879019523,3,10,0.7309720348680436,0.860608870546315,0.0,,direct,platt,pseudo
S1,S2,3,0.018235215871715553,0.021000116879019523,3,11,0.860608870546315,0.9145477985803009,0.0,,direct,platt,pseudo
S1,S2,3,0.018235215871715553,0.021000116879019523,3,12,0.9145477985803009,0.9480461572071225,0.0,,direct,platt,pseudo
S1,S2,3,0.018235215871715553,0.021000116879019523,3,13,0.9480461572071225,0.9689931485541184,0.0,,direct,platt,pseudo
S1,S2,3,0.018235215871715553,0.021000116879019523,3,14,0.9689931485541184,0.9753588588334136,0.0,,direct,platt,pseudo
S1,S2,3,0.018235215871715553,0.021000116879019523,3,15,0.9753588588334136,0.9862842883778797,0.0,,direct,platt,pseudo
S1,S2,3,0.018235215871715553,0.021000116879019523,3,16,0.9862842883778797,0.9900706563596138,0.0,,direct,platt,pseudo
S1,S2,3,0.018235215871715553,0.021000116879019523,3,17,0.9900706563596138,0.991583669031604,0.0,,direct,platt,pseudo
S1,S2,3,0.018235215871715553,0.021000116879019523,3,18,0.991583669031604,inf,0.0,,direct,platt,pseudo
S1,S2,4,0.021000116879019523,0.033027282648612405,1,0,-inf,0.006783217147398371,0.0,,direct,platt,pseudo
S1,S2,4,0.021000116879019523,0.033027282648612405,1,1,0.006783217147398371,0.008961531451052083,0.0,,direct,platt,pseudo
S1,S2,4,0.021000116879019523,0.033027282648612405,1,2,0.008961531451052083,0.011843021859296695,0.0,,direct,platt,pseudo
S1,S2,4,0.021000116879019523,0.033027282648612405,1,3,0.011843021859296695,0.012563394461357848,0.0,,direct,platt,pseudo
S1,S2,4,0.021000116879019523,0.033027282648612405,1,4,0.012563394461357848,0.015074947361016293,1.0,0.012563394461357848,direct,platt,pseudo
S1,S2,4,0.021000116879019523,0.033027282648612405,1,5,0.015074947361016293,0.0177035900159954,0.0,,direct,platt,pseudo
S1,S2,4,0.021000116879019523,0.033027282648612405,1,6,0.0177035900159954,0.05435626980469879,0.0,,direct,platt,pseudo
S1,S2,4,0.021000116879019523,0.033027282648612405,1,7,0.05435626980469879,0.1645361571924387,0.0,,direct,platt,pseudo
S1,S2,4,0.021000116879019523,0.033027282648612405,1,8,0.1645361571924387,0.5377623918771048,0.0,,direct,platt,pseudo
S1,S2,4,0.021000116879019523,0.033027282648612405,1,9,0.5377623918771048,0.7309720348680436,0.0,,direct,platt,pseudo
S1,S2,4,0.021000116879019523,0.033027282648612405,1,10,0.7309720348680436,0.860608870546315,0.0,,direct,platt,pseudo
S1,S2,4,0.021000116879019523,0.033027282648612405,1,11,0.860608870546315,0.9145477985803009,0.0,,direct,platt,pseudo
S1,S2,4,0.021000116879019523,0.033027282648612405,1,12,0.9145477985803009,0.9480461572071225,0.0,,direct,platt,pseudo
S1,S2,4,0.021000116879019523,0.033027282648612405,1,13,0.9480461572071225,0.9689931485541184,0.0,,direct,platt,pseudo
S1,S2,4,0.021000116879019523,0.033027282648612405,1,14,0.9689931485541184,0.9753588588334136,0.0,,direct,platt,pseudo
S1,S2,4,0.021000116879019523,0.033027282648612405,1,15,0.9753588588334136,0.9862842883778797,0.0,,direct,platt,pseudo
S1,S2,4,0.021000116879019523,0.033027282648612405,1,16,0.9862842883778797,0.9900706563596138,0.0,,direct,platt,pseudo
S1,S2,4,0.021000116879019523,0.033027282648612405,1,17,0.9900706563596138,0.991583669031604,0.0,,direct,platt,pseudo
S1,S2,4,0.021000116879019523,0.033027282648612405,1,18,0.991583669031604,inf,0.0,,direct,platt,pseudo
S1,S2,5,0.033027282648612405,0.03479067247283811,4,0,-inf,0.006783217147398371,0.0,,direct,platt,pseudo
S1,S2,5,0.033027282648612405,0.03479067247283811,4,1,0.006783217147398371,0.008961531451052083,0.0,,direct,platt,pseudo
S1,S2,5,0.033027282648612405,0.03479067247283811,4,2,0.008961531451052083,0.011843021859296695,0.0,,direct,platt,pseudo
S1,S2,5,0.033027282648612405,0.03479067247283811,4,3,0.011843021859296695,0.012563394461357848,0.0,,direct,platt,pseudo
S1,S2,5,0.033027282648612405,0.03479067247283811,4,4,0.012563394461357848,0.015074947361016293,0.5,0.012563394461357848,direct,platt,pseudo
S1,S2,5,0.033027282648612405,0.03479067247283811,4,5,0.015074947361016293,0.0177035900159954,0.5,0.016749315960788592,direct,platt,pseudo
S1,S2,5,0.033027282648612405,0.03479067247283811,4,6,0.0177035900159954,0.05435626980469879,0.0,,direct,platt,pseudo
S1,S2,5,0.033027282648612405,0.03479067247283811,4,7,0.05435626980469879,0.1645361571924387,0.0,,direct,platt,pseudo
S1,S2,5,0.033027282648612405,0.03479067247283811,4,8,0.1645361571924387,0.5377623918771048,0.0,,direct,platt,pseudo
S1,S2,5,0.033027282648612405,0.03479067247283811,4,9,0.5377623918771048,0.7309720348680436,0.0,,direct,platt,pseudo
S1,S2,5,0.033027282648612405,0.03479067247283811,4,10,0.7309720348680436,0.860608870546315,0.0,,direct,platt,pseudo
S1,S2,5,0.033027282648612405,0.03479067247283811,4,11,0.860608870546315,0.9145477985803009,0.0,,direct,platt,pseudo
S1,S2,5,0.033027282648612405,0.03479067247283811,4,12,0.9145477985803009,0.9480461572071225,0.0,,direct,platt,pseudo
S1,S2,5,0.033027282648612405,0.03479067247283811,4,13,0.9480461572071225,0.9689931485541184,0.0,,direct,platt,pseudo
S1,S2,5,0.033027282648612405,0.03479067247283811,4,14,0.9689931485541184,0.9753588588334136,0.0,,direct,platt,pseudo
S1,S2,5,0.033027282648612405,0.03479067247283811,4,15,0.9753588588334136,0.9862842883778797,0.0,,direct,platt,pseudo
S1,S2,5,0.033027282648612405,0.03479067247283811,4,16,0.9862842883778797,0.9900706563596138,0.0,,direct,platt,pseudo
S1,S2,5,0.033027282648612405,0.03479067247283811,4,17,0.9900706563596138,0.991583669031604,0.0,,direct,platt,pseudo
S1,S2,5,0.033027282648612405,0.03479067247283811,4,18,0.991583669031604,inf,0.0,,direct,platt,pseudo
S1,S2,6,0.03479067247283811,0.04184423176974096,0,0,-inf,0.006783217147398371,0.06060606060606061,,direct,platt,pseudo
S1,S2,6,0.03479067247283811,0.04184423176974096,0,1,0.006783217147398371,0.008961531451052083,0.0,,direct,platt,pseudo
S1,S2,6,0.03479067247283811,0.04184423176974096,0,2,0.008961531451052083,0.011843021859296695,0.09090909090909091,,direct,platt,pseudo
S1,S2,6,0.03479067247283811,0.04184423176974096,0,3,0.011843021859296695,0.012563394461357848,0.0,,direct,platt,pseudo
S1,S2,6,0.03479067247283811,0.04184423176974096,0,4,0.012563394461357848,0.015074947361016293,0.15151515151515152,,direct,platt,pseudo
S1,S2,6,0.03479067247283811,0.04184423176974096,0,5,0.015074947361016293,0.0177035900159954,0.06060606060606061,,direct,platt,pseudo
S1,S2,6,0.03479067247283811,0.04184423176974096,0,6,0.0177035900159954,0.05435626980469879,0.030303030303030304,,direct,platt,pseudo
S1,S2,6,0.03479067247283811,0.04184423176974096,0,7,0.05435626980469879,0.1645361571924387,0.06060606060606061,,direct,platt,pseudo
S1,S2,6,0.03479067247283811,0.04184423176974096,0,8,0.1645361571924387,0.5377623918771048,0.030303030303030304,,direct,platt,pseudo
S1,S2,6,0.03479067247283811,0.04184423176974096,0,9,0.5377623918771048,0.7309720348680436,0.06060606060606061,,direct,platt,pseudo
S1,S2,6,0.03479067247283811,0.04184423176974096,0,10,0.7309720348680436,0.860608870546315,0.06060606060606061,,direct,platt,pseudo
S1,S2,6,0.03479067247283811,0.04184423176974096,0,11,0.860608870546315,0.9145477985803009,0.030303030303030304,,direct,platt,pseudo
S1,S2,6,0.03479067247283811,0.04184423176974096,0,12,0.9145477985803009,0.9480461572071225,0.06060606060606061,,direct,platt,pseudo
S1,S2,6,0.03479067247283811,0.04184423176974096,0,13,0.9480461572071225,0.9689931485541184,0.030303030303030304,,direct,platt,pseudo
S1,S2,6,0.03479067247283811,0.04184423176974096,0,14,0.9689931485541184,0.9753588588334136,0.06060606060606061,,direct,platt,pseudo
S1,S2,6,0.03479067247283811,0.04184423176974096,0,15,0.9753588588334136,0.9862842883778797,0.06060606060606061,,direct,platt,pseudo
S1,S2,6,0.03479067247283811,0.04184423176974096,0,16,0.9862842883778797,0.9900706563596138,0.0,,direct,platt,pseudo
S1,S2,6,0.03479067247283811,0.04184423176974096,0,17,0.9900706563596138,0.991583669031604,0.09090909090909091,,direct,platt,pseudo
S1,S2,6,0.03479067247283811,0.04184423176974096,0,18,0.991583669031604,inf,0.06060606060606061,,direct,platt,pseudo
S1,S2,7,0.04184423176974096,0.20288129655538117,3,0,-inf,0.006783217147398371,0.0,,direct,platt,pseudo
S1,S2,7,0.04184423176974096,0.20288129655538117,3,1,0.006783217147398371,0.008961531451052083,0.0,,direct,platt,pseudo
S1,S2,7,0.04184423176974096,0.20288129655538117,3,2,0.008961531451052083,0.011843021859296695,0.0,,direct,platt,pseudo
S1,S2,7,0.04184423176974096,0.20288129655538117,3,3,0.011843021859296695,0.012563394461357848,0.0,,direct,platt,pseudo
S1,S2,7,0.04184423176974096,0.20288129655538117,3,4,0.012563394461357848,0.015074947361016293,0.0,,direct,platt,pseudo
S1,S2,7,0.04184423176974096,0.20288129655538117,3,5,0.015074947361016293,0.0177035900159954,0.0,,direct,platt,pseudo
S1,S2,7,0.04184423176974096,0.20288129655538117,3,6,0.0177035900159954,0.05435626980469879,0.3333333333333333,0.021520686236822652,direct,platt,pseudo
S1,S2,7,0.04184423176974096,0.20288129655538117,3,7,0.05435626980469879,0.1645361571924387,0.6666666666666666,0.06702507259767956,direct,platt,pseudo
S1,S2,7,0.04184423176974096,0.20288129655538117,3,8,0.1645361571924387,0.5377623918771048,0.0,,direct,platt,pseudo
S1,S2,7,0.04184423176974096,0.20288129655538117,3,9,0.5377623918771048,0.7309720348680436,0.0,,direct,platt,pseudo
S1,S2,7,0.04184423176974096,0.20288129655538117,3,10,0.7309720348680436,0.860608870546315,0.0,,direct,platt,pseudo
S1,S2,7,0.04184423176974096,0.20288129655538117,3,11,0.860608870546315,0.9145477985803009,0.0,,direct,platt,pseudo
S1,S2,7,0.04184423176974096,0.20288129655538117,3,12,0.9145477985803009,0.9480461572071225,0.0,,direct,platt,pseudo
S1,S2,7,0.04184423176974096,0.20288129655538117,3,13,0.9480461572071225,0.9689931485541184,0.0,,direct,platt,pseudo
S1,S2,7,0.04184423176974096,0.20288129655538117,3,14,0.9689931485541184,0.9753588588334136,0.0,,direct,platt,pseudo
S1,S2,7,0.04184423176974096,0.20288129655538117,3,15,0.9753588588334136,0.9862842883778797,0.0,,direct,platt,pseudo
S1,S2,7,0.04184423176974096,0.20288129655538117,3,16,0.9862842883778797,0.9900706563596138,0.0,,direct,platt,pseudo
S1,S2,7,0.04184423176974096,0.20288129655538117,3,17,0.9900706563596138,0.991583669031604,0.0,,direct,platt,pseudo
S1,S2,7,0.04184423176974096,0.20288129655538117,3,18,0.991583669031604,inf,0.0,,direct,platt,pseudo
S1,S2,8,0.20288129655538117,0.7364634714809872,1,0,-inf,0.006783217147398371,0.0,,direct,platt,pseudo
S1,S2,8,0.20288129655538117,0.7364634714809872,1,1,0.006783217147398371,0.008961531451052083,0.0,,direct,platt,pseudo
S1,S2,8,0.20288129655538117,0.7364634714809872,1,2,0.008961531451052083,0.011843021859296695,0.0,,direct,platt,pseudo
S1,S2,8,0.20288129655538117,0.7364634714809872,1,3,0.011843021859296695,0.012563394461357848,0.0,,direct,platt,pseudo
S1,S2,8,0.20288129655538117,0.7364634714809872,1,4,0.012563394461357848,0.015074947361016293,0.0,,direct,platt,pseudo
S1,S2,8,0.20288129655538117,0.7364634714809872,1,5,0.015074947361016293,0.0177035900159954,0.0,,direct,platt,pseudo
S1,S2,8,0.20288129655538117,0.7364634714809872,1,6,0.0177035900159954,0.05435626980469879,0.0,,direct,platt,pseudo
S1,S2,8,0.20288129655538117,0.7364634714809872,1,7,0.05435626980469879,0.1645361571924387,0.0,,direct,platt,pseudo
S1,S2,8,0.20288129655538117,0.7364634714809872,1,8,0.1645361571924387,0.5377623918771048,1.0,0.30411292373305954,direct,platt,pseudo
S1,S2,8,0.20288129655538117,0.7364634714809872,1,9,0.5377623918771048,0.7309720348680436,0.0,,direct,platt,pseudo
S1,S2,8,0.20288129655538117,0.7364634714809872,1,10,0.7309720348680436,0.860608870546315,0.0,,direct,platt,pseudo
S1,S2,8,0.20288129655538117,0.7364634714809872,1,11,0.860608870546315,0.9145477985803009,0.0,,direct,platt,pseudo
S1,S2,8,0.20288129655538117,0.7364634714809872,1,12,0.9145477985803009,0.9480461572071225,0.0,,direct,platt,pseudo
S1,S2,8,0.20288129655538117,0.7364634714809872,1,13,0.9480461572071225,0.9689931485541184,0.0,,direct,platt,pseudo
S1,S2,8,0.20288129655538117,0.7364634714809872,1,14,0.9689931485541184,0.9753588588334136,0.0,,direct,platt,pseudo
S1,S2,8,0.20288129655538117,0.7364634714809872,1,15,0.9753588588334136,0.9862842883778797,0.0,,direct,platt,pseudo
S1,S2,8,0.20288129655538117,0.7364634714809872,1,16,0.9862842883778797,0.9900706563596138,0.0,,direct,platt,pseudo
S1,S2,8,0.20288129655538117,0.7364634714809872,1,17,0.9900706563596138,0.991583669031604,0.0,,direct,platt,pseudo
S1,S2,8,0.20288129655538117,0.7364634714809872,1,18,0.991583669031604,inf,0.0,,direct,platt,pseudo
S1,S2,9,0.7364634714809872,0.7693473549238705,2,0,-inf,0.006783217147398371,0.0,,direct,platt,pseudo
S1,S2,9,0.7364634714809872,0.7693473549238705,2,1,0.006783217147398371,0.008961531451052083,0.0,,direct,platt,pseudo
S1,S2,9,0.7364634714809872,0.7693473549238705,2,2,0.008961531451052083,0.011843021859296695,0.0,,direct,platt,pseudo
S1,S2,9,0.7364634714809872,0.7693473549238705,2,3,0.011843021859296695,0.012563394461357848,0.0,,direct,platt,pseudo
S1,S2,9,0.7364634714809872,0.7693473549238705,2,4,0.012563394461357848,0.015074947361016293,0.0,,direct,platt,pseudo
S1,S2,9,0.7364634714809872,0.7693473549238705,2,5,0.015074947361016293,0.0177035900159954,0.0,,direct,platt,pseudo
S1,S2,9,0.7364634714809872,0.7693473549238705,2,6,0.0177035900159954,0.05435626980469879,0.0,,direct,platt,pseudo
S1,S2,9,0.7364634714809872,0.7693473549238705,2,7,0.05435626980469879,0.1645361571924387,0.0,,direct,platt,pseudo
S1,S2,9,0.7364634714809872,0.7693473549238705,2,8,0.1645361571924387,0.5377623918771048,0.0,,direct,platt,pseudo
S1,S2,9,0.7364634714809872,0.7693473549238705,2,9,0.5377623918771048,0.7309720348680436,0.0,,direct,platt,pseudo
S1,S2,9,0.7364634714809872,0.7693473549238705,2,10,0.7309720348680436,0.860608870546315,0.0,,direct,platt,pseudo
S1,S2,9,0.7364634714809872,0.7693473549238705,2,11,0.860608870546315,0.9145477985803009,0.5,0.8900866340242386,direct,platt,pseudo
S1,S2,9,0.7364634714809872,0.7693473549238705,2,12,0.9145477985803009,0.9480461572071225,0.0,,direct,platt,pseudo
S1,S2,9,0.7364634714809872,0.7693473549238705,2,13,0.9480461572071225,0.9689931485541184,0.0,,direct,platt,pseudo
S1,S2,9,0.7364634714809872,0.7693473549238705,2,14,0.9689931485541184,0.9753588588334136,0.5,0.9689931485541184,direct,platt,pseudo
S1,S2,9,0.7364634714809872,0.7693473549238705,2,15,0.9753588588334136,0.9862842883778797,0.0,,direct,platt,pseudo
S1,S2,9,0.7364634714809872,0.7693473549238705,2,16,0.9862842883778797,0.9900706563596138,0.0,,direct,platt,pseudo
S1,S2,9,0.7364634714809872,0.7693473549238705,2,17,0.9900706563596138,0.991583669031604,0.0,,direct,platt,pseudo
S1,S2,9,0.7364634714809872,0.7693473549238705,2,18,0.991583669031604,inf,0.0,,direct,platt,pseudo
S1,S2,10,0.7693473549238705,0.79727691439916,1,0,-inf,0.006783217147398371,0.0,,direct,platt,pseudo
S1,S2,10,0.7693473549238705,0.79727691439916,1,1,0.006783217147398371,0.008961531451052083,0.0,,direct,platt,pseudo
S1,S2,10,0.7693473549238705,0.79727691439916,1,2,0.008961531451052083,0.011843021859296695,0.0,,direct,platt,pseudo
S1,S2,10,0.7693473549238705,0.79727691439916,1,3,0.011843021859296695,0.012563394461357848,0.0,,direct,platt,pseudo
S1,S2,10,0.7693473549238705,0.79727691439916,1,4,0.012563394461357848,0.015074947361016293,0.0,,direct,platt,pseudo
S1,S2,10,0.7693473549238705,0.79727691439916,1,5,0.015074947361016293,0.0177035900159954,0.0,,direct,platt,pseudo
S1,S2,10,0.7693473549238705,0.79727691439916,1,6,0.0177035900159954,0.05435626980469879,0.0,,direct,platt,pseudo
S1,S2,10,0.7693473549238705,0.79727691439916,1,7,0.05435626980469879,0.1645361571924387,0.0,,direct,platt,pseudo
S1,S2,10,0.7693473549238705,0.79727691439916,1,8,0.1645361571924387,0.5377623918771048,0.0,,direct,platt,pseudo
S1,S2,10,0.7693473549238705,0.79727691439916,1,9,0.5377623918771048,0.7309720348680436,0.0,,direct,platt,pseudo
S1,S2,10,0.7693473549238705,0.79727691439916,1,10,0.7309720348680436,0.860608870546315,1.0,0.7596722650963219,direct,platt,pseudo
S1,S2,10,0.7693473549238705,0.79727691439916,1,11,0.860608870546315,0.9145477985803009,0.0,,direct,platt,pseudo
S1,S2,10,0.7693473549238705,0.79727691439916,1,12,0.9145477985803009,0.9480461572071225,0.0,,direct,platt,pseudo
S1,S2,10,0.7693473549238705,0.79727691439916,1,13,0.9480461572071225,0.9689931485541184,0.0,,direct,platt,pseudo
S1,S2,10,0.7693473549238705,0.79727691439916,1,14,0.9689931485541184,0.9753588588334136,0.0,,direct,platt,pseudo
S1,S2,10,0.7693473549238705,0.79727691439916,1,15,0.9753588588334136,0.9862842883778797,0.0,,direct,platt,pseudo
S1,S2,10,0.7693473549238705,0.79727691439916,1,16,0.9862842883778797,0.9900706563596138,0.0,,direct,platt,pseudo
S1,S2,10,0.7693473549238705,0.79727691439916,1,17,0.9900706563596138,0.991583669031604,0.0,,direct,platt,pseudo
S1,S2,10,0.7693473549238705,0.79727691439916,1,18,0.991583669031604,inf,0.0,,direct,platt,pseudo
S1,S2,11,0.79727691439916,0.8872929316827112,2,0,-inf,0.006783217147398371,0.0,,direct,platt,pseudo
S1,S2,11,0.79727691439916,0.8872929316827112,2,1,0.006783217147398371,0.008961531451052083,0.0,,direct,platt,pseudo
S1,S2,11,0.79727691439916,0.8872929316827112,2,2,0.008961531451052083,0.011843021859296695,0.0,,direct,platt,pseudo
S1,S2,11,0.79727691439916,0.8872929316827112,2,3,0.011843021859296695,0.012563394461357848,0.0,,direct,platt,pseudo
S1,S2,11,0.79727691439916,0.8872929316827112,2,4,0.012563394461357848,0.015074947361016293,0.0,,direct,platt,pseudo
S1,S2,11,0.79727691439916,0.8872929316827112,2,5,0.015074947361016293,0.0177035900159954,0.0,,direct,platt,pseudo
S1,S2,11,0.79727691439916,0.8872929316827112,2,6,0.0177035900159954,0.05435626980469879,0.0,,direct,platt,pseudo
S1,S2,11,0.79727691439916,0.8872929316827112,2,7,0.05435626980469879,0.1645361571924387,0.0,,direct,platt,pseudo
S1,S2,11,0.79727691439916,0.8872929316827112,2,8,0.1645361571924387,0.5377623918771048,0.0,,direct,platt,pseudo
S1,S2,11,0.79727691439916,0.8872929316827112,2,9,0.5377623918771048,0.7309720348680436,1.0,0.6128420407013654,direct,platt,pseudo
S1,S2,11,0.79727691439916,0.8872929316827112,2,10,0.7309720348680436,0.860608870546315,0.0,,direct,platt,pseudo
S1,S2,11,0.79727691439916,0.8872929316827112,2,11,0.860608870546315,0.9145477985803009,0.0,,direct,platt,pseudo
S1,S2,11,0.79727691439916,0.8872929316827112,2,12,0.9145477985803009,0.9480461572071225,0.0,,direct,platt,pseudo
S1,S2,11,0.79727691439916,0.8872929316827112,2,13,0.9480461572071225,0.9689931485541184,0.0,,direct,platt,pseudo
S1,S2,11,0.79727691439916,0.8872929316827112,2,14,0.9689931485541184,0.9753588588334136,0.0,,direct,platt,pseudo
S1,S2,11,0.79727691439916,0.8872929316827112,2,15,0.9753588588334136,0.9862842883778797,0.0,,direct,platt,pseudo
S1,S2,11,0.79727691439916,0.8872929316827112,2,16,0.9862842883778797,0.9900706563596138,0.0,,direct,platt,pseudo
S1,S2,11,0.79727691439916,0.8872929316827112,2,17,0.9900706563596138,0.991583669031604,0.0,,direct,platt,pseudo
S1,S2,11,0.79727691439916,0.8872929316827112,2,18,0.991583669031604,inf,0.0,,direct,platt,pseudo
S1,S2,12,0.8872929316827112,0.9160674554794573,1,0,-inf,0.006783217147398371,0.0,,direct,platt,pseudo
S1,S2,12,0.8872929316827112,0.9160674554794573,1,1,0.006783217147398371,0.008961531451052083,0.0,,direct,platt,pseudo
S1,S2,12,0.8872929316827112,0.9160674554794573,1,2,0.008961531451052083,0.011843021859296695,0.0,,direct,platt,pseudo
S1,S2,12,0.8872929316827112,0.9160674554794573,1,3,0.011843021859296695,0.012563394461357848,0.0,,direct,platt,pseudo
S1,S2,12,0.8872929316827112,0.9160674554794573,1,4,0.012563394461357848,0.015074947361016293,0.0,,direct,platt,pseudo
S1,S2,12,0.8872929316827112,0.9160674554794573,1,5,0.015074947361016293,0.0177035900159954,0.0,,direct,platt,pseudo
S1,S2,12,0.8872929316827112,0.9160674554794573,1,6,0.0177035900159954,0.05435626980469879,0.0,,direct,platt,pseudo
S1,S2,12,0.8872929316827112,0.9160674554794573,1,7,0.05435626980469879,0.1645361571924387,0.0,,direct,platt,pseudo
S1,S2,12,0.8872929316827112,0.9160674554794573,1,8,0.1645361571924387,0.5377623918771048,0.0,,direct,platt,pseudo
S1,S2,12,0.8872929316827112,0.9160674554794573,1,9,0.5377623918771048,0.7309720348680436,0.0,,direct,platt,pseudo
S1,S2,12,0.8872929316827112,0.9160674554794573,1,10,0.7309720348680436,0.860608870546315,1.0,0.8532394296768341,direct,platt,pseudo
S1,S2,12,0.8872929316827112,0.9160674554794573,1,11,0.860608870546315,0.9145477985803009,0.0,,direct,platt,pseudo
S1,S2,12,0.8872929316827112,0.9160674554794573,1,12,0.9145477985803009,0.9480461572071225,0.0,,direct,platt,pseudo
S1,S2,12,0.8872929316827112,0.9160674554794573,1,13,0.9480461572071225,0.9689931485541184,0.0,,direct,platt,pseudo
S1,S2,12,0.8872929316827112,0.9160674554794573,1,14,0.9689931485541184,0.9753588588334136,0.0,,direct,platt,pseudo
S1,S2,12,0.8872929316827112,0.9160674554794573,1,15,0.9753588588334136,0.9862842883778797,0.0,,direct,platt,pseudo
S1,S2,12,0.8872929316827112,0.9160674554794573,1,16,0.9862842883778797,0.9900706563596138,0.0,,direct,platt,pseudo
S1,S2,12,0.8872929316827112,0.9160674554794573,1,17,0.9900706563596138,0.991583669031604,0.0,,direct,platt,pseudo
S1,S2,12,0.8872929316827112,0.9160674554794573,1,18,0.991583669031604,inf,0.0,,direct,platt,pseudo
S1,S2,13,0.9160674554794573,0.9791886841632429,2,0,-inf,0.006783217147398371,0.0,,direct,platt,pseudo
S1,S2,13,0.9160674554794573,0.9791886841632429,2,1,0.006783217147398371,0.008961531451052083,0.0,,direct,platt,pseudo
S1,S2,13,0.9160674554794573,0.9791886841632429,2,2,0.008961531451052083,0.011843021859296695,0.0,,direct,platt,pseudo
S1,S2,13,0.9160674554794573,0.9791886841632429,2,3,0.011843021859296695,0.012563394461357848,0.0,,direct,platt,pseudo
S1,S2,13,0.9160674554794573,0.9791886841632429,2,4,0.012563394461357848,0.015074947361016293,0.0,,direct,platt,pseudo
S1,S2,13,0.9160674554794573,0.9791886841632429,2,5,0.015074947361016293,0.0177035900159954,0.0,,direct,platt,pseudo
S1,S2,13,0.9160674554794573,0.9791886841632429,2,6,0.0177035900159954,0.05435626980469879,0.0,,direct,platt,pseudo
S1,S2,13,0.9160674554794573,0.9791886841632429,2,7,0.05435626980469879,0.1645361571924387,0.0,,direct,platt,pseudo
S1,S2,13,0.9160674554794573,0.9791886841632429,2,8,0.1645361571924387,0.5377623918771048,0.0,,direct,platt,pseudo
S1,S2,13,0.9160674554794573,0.9791886841632429,2,9,0.5377623918771048,0.7309720348680436,0.0,,direct,platt,pseudo
S1,S2,13,0.9160674554794573,0.9791886841632429,2,10,0.7309720348680436,0.860608870546315,0.0,,direct,platt,pseudo
S1,S2,13,0.9160674554794573,0.9791886841632429,2,11,0.860608870546315,0.9145477985803009,0.0,,direct,platt,pseudo
S1,S2,13,0.9160674554794573,0.9791886841632429,2,12,0.9145477985803009,0.9480461572071225,1.0,0.9302067293416059,direct,platt,pseudo
S1,S2,13,0.9160674554794573,0.9791886841632429,2,13,0.9480461572071225,0.9689931485541184,0.0,,direct,platt,pseudo
S1,S2,13,0.9160674554794573,0.9791886841632429,2,14,0.9689931485541184,0.9753588588334136,0.0,,direct,platt,pseudo
S1,S2,13,0.9160674554794573,0.9791886841632429,2,15,0.9753588588334136,0.9862842883778797,0.0,,direct,platt,pseudo
S1,S2,13,0.9160674554794573,0.9791886841632429,2,16,0.9862842883778797,0.9900706563596138,0.0,,direct,platt,pseudo
S1,S2,13,0.9160674554794573,0.9791886841632429,2,17,0.9900706563596138,0.991583669031604,0.0,,direct,platt,pseudo
S1,S2,13,0.9160674554794573,0.9791886841632429,2,18,0.991583669031604,inf,0.0,,direct,platt,pseudo
S1,S2,14,0.9791886841632429,0.984542856502141,2,0,-inf,0.006783217147398371,0.0,,direct,platt,pseudo
S1,S2,14,0.9791886841632429,0.984542856502141,2,1,0.006783217147398371,0.008961531451052083,0.0,,direct,platt,pseudo
S1,S2,14,0.9791886841632429,0.984542856502141,2,2,0.008961531451052083,0.011843021859296695,0.0,,direct,platt,pseudo
S1,S2,14,0.9791886841632429,0.984542856502141,2,3,0.011843021859296695,0.012563394461357848,0.0,,direct,platt,pseudo
S1,S2,14,0.9791886841632429,0.984542856502141,2,4,0.012563394461357848,0.015074947361016293,0.0,,direct,platt,pseudo
S1,S2,14,0.9791886841632429,0.984542856502141,2,5,0.015074947361016293,0.0177035900159954,0.0,,direct,platt,pseudo
S1,S2,14,0.9791886841632429,0.984542856502141,2,6,0.0177035900159954,0.05435626980469879,0.0,,direct,platt,pseudo
S1,S2,14,0.9791886841632429,0.984542856502141,2,7,0.05435626980469879,0.1645361571924387,0.0,,direct,platt,pseudo
S1,S2,14,0.9791886841632429,0.984542856502141,2,8,0.1645361571924387,0.5377623918771048,0.0,,direct,platt,pseudo
S1,S2,14,0.9791886841632429,0.984542856502141,2,9,0.5377623918771048,0.7309720348680436,0.0,,direct,platt,pseudo
S1,S2,14,0.9791886841632429,0.984542856502141,2,10,0.7309720348680436,0.860608870546315,0.0,,direct,platt,pseudo
S1,S2,14,0.9791886841632429,0.984542856502141,2,11,0.860608870546315,0.9145477985803009,0.0,,direct,platt,pseudo
S1,S2,14,0.9791886841632429,0.984542856502141,2,12,0.9145477985803009,0.9480461572071225,0.0,,direct,platt,pseudo
S1,S2,14,0.9791886841632429,0.984542856502141,2,13,0.9480461572071225,0.9689931485541184,0.5,0.9604898395719635,direct,platt,pseudo
S1,S2,14,0.9791886841632429,0.984542856502141,2,14,0.9689931485541184,0.9753588588334136,0.5,0.9689931485541184,direct,platt,pseudo
S1,S2,14,0.9791886841632429,0.984542856502141,2,15,0.9753588588334136,0.9862842883778797,0.0,,direct,platt,pseudo
S1,S2,14,0.9791886841632429,0.984542856502141,2,16,0.9862842883778797,0.9900706563596138,0.0,,direct,platt,pseudo
S1,S2,14,0.9791886841632429,0.984542856502141,2,17,0.9900706563596138,0.991583669031604,0.0,,direct,platt,pseudo
S1,S2,14,0.9791886841632429,0.984542856502141,2,18,0.991583669031604,inf,0.0,,direct,platt,pseudo
S1,S2,15,0.984542856502141,0.9915826535048764,1,0,-inf,0.006783217147398371,0.0,,direct,platt,pseudo
S1,S2,15,0.984542856502141,0.9915826535048764,1,1,0.006783217147398371,0.008961531451052083,0.0,,direct,platt,pseudo
S1,S2,15,0.984542856502141,0.9915826535048764,1,2,0.008961531451052083,0.011843021859296695,0.0,,direct,platt,pseudo
S1,S2,15,0.984542856502141,0.9915826535048764,1,3,0.011843021859296695,0.012563394461357848,0.0,,direct,platt,pseudo
S1,S2,15,0.984542856502141,0.9915826535048764,1,4,0.012563394461357848,0.015074947361016293,0.0,,direct,platt,pseudo
S1,S2,15,0.984542856502141,0.9915826535048764,1,5,0.015074947361016293,0.0177035900159954,0.0,,direct,platt,pseudo
S1,S2,15,0.984542856502141,0.9915826535048764,1,6,0.0177035900159954,0.05435626980469879,0.0,,direct,platt,pseudo
S1,S2,15,0.984542856502141,0.9915826535048764,1,7,0.05435626980469879,0.1645361571924387,0.0,,direct,platt,pseudo
S1,S2,15,0.984542856502141,0.9915826535048764,1,8,0.1645361571924387,0.5377623918771048,0.0,,direct,platt,pseudo
S1,S2,15,0.984542856502141,0.9915826535048764,1,9,0.5377623918771048,0.7309720348680436,0.0,,direct,platt,pseudo
S1,S2,15,0.984542856502141,0.9915826535048764,1,10,0.7309720348680436,0.860608870546315,0.0,,direct,platt,pseudo
S1,S2,15,0.984542856502141,0.9915826535048764,1,11,0.860608870546315,0.9145477985803009,0.0,,direct,platt,pseudo
S1,S2,15,0.984542856502141,0.9915826535048764,1,12,0.9145477985803009,0.9480461572071225,0.0,,direct,platt,pseudo
S1,S2,15,0.984542856502141,0.9915826535048764,1,13,0.9480461572071225,0.9689931485541184,0.0,,direct,platt,pseudo
S1,S2,15,0.984542856502141,0.9915826535048764,1,14,0.9689931485541184,0.9753588588334136,0.0,,direct,platt,pseudo
S1,S2,15,0.984542856502141,0.9915826535048764,1,15,0.9753588588334136,0.9862842883778797,1.0,0.9796026656862769,direct,platt,pseudo
S1,S2,15,0.984542856502141,0.9915826535048764,1,16,0.9862842883778797,0.9900706563596138,0.0,,direct,platt,pseudo
S1,S2,15,0.984542856502141,0.9915826535048764,1,17,0.9900706563596138,0.991583669031604,0.0,,direct,platt,pseudo
S1,S2,15,0.984542856502141,0.9915826535048764,1,18,0.991583669031604,inf,0.0,,direct,platt,pseudo
S1,S2,16,0.9915826535048764,0.9944389496553382,3,0,-inf,0.006783217147398371,0.0,,direct,platt,pseudo
S1,S2,16,0.9915826535048764,0.9944389496553382,3,1,0.006783217147398371,0.008961531451052083,0.0,,direct,platt,pseudo
S1,S2,16,0.9915826535048764,0.9944389496553382,3,2,0.008961531451052083,0.011843021859296695,0.0,,direct,platt,pseudo
S1,S2,16,0.9915826535048764,0.9944389496553382,3,3,0.011843021859296695,0.012563394461357848,0.0,,direct,platt,pseudo
S1,S2,16,0.9915826535048764,0.9944389496553382,3,4,0.012563394461357848,0.015074947361016293,0.0,,direct,platt,pseudo
S1,S2,16,0.9915826535048764,0.9944389496553382,3,5,0.015074947361016293,0.0177035900159954,0.0,,direct,platt,pseudo
S1,S2,16,0.9915826535048764,0.9944389496553382,3,6,0.0177035900159954,0.05435626980469879,0.0,,direct,platt,pseudo
S1,S2,16,0.9915826535048764,0.9944389496553382,3,7,0.05435626980469879,0.1645361571924387,0.0,,direct,platt,pseudo
S1,S2,16,0.9915826535048764,0.9944389496553382,3,8,0.1645361571924387,0.5377623918771048,0.0,,direct,platt,pseudo
S1,S2,16,0.9915826535048764,0.9944389496553382,3,9,0.5377623918771048,0.7309720348680436,0.0,,direct,platt,pseudo
S1,S2,16,0.9915826535048764,0.9944389496553382,3,10,0.7309720348680436,0.860608870546315,0.0,,direct,platt,pseudo
S1,S2,16,0.9915826535048764,0.9944389496553382,3,11,0.860608870546315,0.9145477985803009,0.0,,direct,platt,pseudo
S1,S2,16,0.9915826535048764,0.9944389496553382,3,12,0.9145477985803009,0.9480461572071225,0.0,,direct,platt,pseudo
S1,S2,16,0.9915826535048764,0.9944389496553382,3,13,0.9480461572071225,0.9689931485541184,0.0,,direct,platt,pseudo
S1,S2,16,0.9915826535048764,0.9944389496553382,3,14,0.9689931485541184,0.9753588588334136,0.0,,direct,platt,pseudo
S1,S2,16,0.9915826535048764,0.9944389496553382,3,15,0.9753588588334136,0.9862842883778797,0.3333333333333333,0.9853376963824462,direct,platt,pseudo
S1,S2,16,0.9915826535048764,0.9944389496553382,3,16,0.9862842883778797,0.9900706563596138,0.0,,direct,platt,pseudo
S1,S2,16,0.9915826535048764,0.9944389496553382,3,17,0.9900706563596138,0.991583669031604,0.6666666666666666,0.9900706563596138,direct,platt,pseudo
S1,S2,16,0.9915826535048764,0.9944389496553382,3,18,0.991583669031604,inf,0.0,,direct,platt,pseudo
S1,S2,17,0.9944389496553382,inf,3,0,-inf,0.006783217147398371,0.0,,direct,platt,pseudo
S1,S2,17,0.9944389496553382,inf,3,1,0.006783217147398371,0.008961531451052083,0.0,,direct,platt,pseudo
S1,S2,17,0.9944389496553382,inf,3,2,0.008961531451052083,0.011843021859296695,0.0,,direct,platt,pseudo
S1,S2,17,0.9944389496553382,inf,3,3,0.011843021859296695,0.012563394461357848,0.0,,direct,platt,pseudo
S1,S2,17,0.9944389496553382,inf,3,4,0.012563394461357848,0.015074947361016293,0.0,,direct,platt,pseudo
S1,S2,17,0.9944389496553382,inf,3,5,0.015074947361016293,0.0177035900159954,0.0,,direct,platt,pseudo
S1,S2,17,0.9944389496553382,inf,3,6,0.0177035900159954,0.05435626980469879,0.0,,direct,platt,pseudo
S1,S2,17,0.9944389496553382,inf,3,7,0.05435626980469879,0.1645361571924387,0.0,,direct,platt,pseudo
S1,S2,17,0.9944389496553382,inf,3,8,0.1645361571924387,0.5377623918771048,0.0,,direct,platt,pseudo
S1,S2,17,0.9944389496553382,inf,3,9,0.5377623918771048,0.7309720348680436,0.0,,direct,platt,pseudo
S1,S2,17,0.9944389496553382,inf,3,10,0.7309720348680436,0.860608870546315,0.0,,direct,platt,pseudo
S1,S2,17,0.9944389496553382,inf,3,11,0.860608870546315,0.9145477985803009,0.0,,direct,platt,pseudo
S1,S2,17,0.9944389496553382,inf,3,12,0.9145477985803009,0.9480461572071225,0.0,,direct,platt,pseudo
S1,S2,17,0.9944389496553382,inf,3,13,0.9480461572071225,0.9689931485541184,0.0,,direct,platt,pseudo
S1,S2,17,0.9944389496553382,inf,3,14,0.9689931485541184,0.9753588588334136,0.0,,direct,platt,pseudo
S1,S2,17,0.9944389496553382,inf,3,15,0.9753588588334136,0.9862842883778797,0.0,,direct,platt,pseudo
S1,S2,17,0.9944389496553382,inf,3,16,0.9862842883778797,0.9900706563596138,0.0,,direct,platt,pseudo
S1,S2,17,0.9944389496553382,inf,3,17,0.9900706563596138,0.991583669031604,0.3333333333333333,0.9900706563596138,direct,platt,pseudo
S1,S2,17,0.9944389496553382,inf,3,18,0.991583669031604,inf,0.6666666666666666,0.9938531880395894,direct,platt,pseudo
