method,prevalence_true,prevalence_estimated,threshold,f1,precision,recall,auroc,ece_before,ece_after,target,score,n,n_pos,n_adapt,em_iterations,target_fpr,split_source
R0,0.5,,0.43775919198513896,0.9354838709677419,0.90625,0.9666666666666667,0.9911111111111112,0.033571066221103826,0.06109301279238874,bootstrap-phreshphish:test,lr_bank (platt),60,30,0,,0.04285714285714286,pseudo
prior_known,0.5,,0.6184318048768515,0.9152542372881356,0.9310344827586207,0.9,0.9911111111111112,0.033571066221103826,0.06109301279238874,bootstrap-phreshphish:test,lr_bank (platt),60,30,0,,0.04285714285714286,pseudo
prior_known_bayes,0.5,,0.43775919198513896,0.9354838709677419,0.90625,0.9666666666666667,0.9911111111111112,0.033571066221103826,0.06109301279238874,bootstrap-phreshphish:test,lr_bank (platt),60,30,0,,0.04285714285714286,pseudo
prior_em,0.5,0.5429024508113937,0.6581206032606878,0.9152542372881356,0.9310344827586207,0.9,0.9911111111111112,0.033571066221103826,0.06109301279238874,bootstrap-phreshphish:test,lr_bank (platt),60,30,0,11.0,0.04285714285714286,pseudo
prior_em_bayes,0.5,0.5429024508113937,0.43775919198513896,0.9354838709677419,0.90625,0.9666666666666667,0.9911111111111112,0.033571066221103826,0.06109301279238874,bootstrap-phreshphish:test,lr_bank (platt),60,30,0,11.0,0.04285714285714286,pseudo
R1,0.5,,0.3511697154135545,0.9230769230769231,0.8571428571428571,1.0,1.0,0.033571066221103826,0.06109301279238874,bootstrap-phreshphish:test,lr_bank (platt),30,12,30,,0.04285714285714286,pseudo
R0,0.4897959183673469,,0.43775919198513896,0.8727272727272727,0.7741935483870968,1.0,0.99,0.16501743261188573,0.13211895373517601,bootstrap-putra:all,lr_bank (platt),49,24,0,,0.04285714285714286,all
prior_known,0.4897959183673469,,0.7421858442975008,0.9230769230769231,0.8571428571428571,1.0,0.99,0.16501743261188573,0.13211895373517601,bootstrap-putra:all,lr_bank (platt),49,24,0,,0.04285714285714286,all
prior_known_bayes,0.4897959183673469,,0.43775919198513896,0.8727272727272727,0.7741935483870968,1.0,0.99,0.16501743261188573,0.13211895373517601,bootstrap-putra:all,lr_bank (platt),49,24,0,,0.04285714285714286,all
prior_em,0.4897959183673469,0.7237838303089096,0.8726261911472614,0.8888888888888888,0.8,1.0,0.99,0.16501743261188573,0.13211895373517601,bootstrap-putra:all,lr_bank (platt),49,24,0,18.0,0.04285714285714286,all
prior_em_bayes,0.4897959183673469,0.7237838303089096,0.43775919198513896,0.8275862068965517,0.7058823529411765,1.0,0.99,0.16501743261188573,0.13211895373517601,bootstrap-putra:all,lr_bank (platt),49,24,0,18.0,0.04285714285714286,all
R1,0.4897959183673469,,0.9313486660412787,0.9230769230769231,0.8571428571428571,1.0,1.0,0.16501743261188573,0.13211895373517601,bootstrap-putra:all,lr_bank (platt),25,12,24,,0.04285714285714286,all
