site_id,label,p_cal,p_after_isotonic,p_shift_known,p_shift_em,thr_R0,thr_prior_known,thr_prior_known_bayes,thr_prior_em,thr_prior_em_bayes,thr_R1
pp_01f79b6b11d04c7c,1,0.9715578111489181,0.9965836726415008,0.9715578111489181,0.9759449221209421,0.43775919198513896,0.6184318048768515,0.43775919198513896,0.6581206032606878,0.43775919198513896,0.3511697154135545
pp_0e44a4bc35615a69,1,0.9992904740134265,0.9933468367297718,0.9992904740134265,0.9994025465117825,0.43775919198513896,0.6184318048768515,0.43775919198513896,0.6581206032606878,0.43775919198513896,0.3511697154135545
pp_1050c1095c43dab6,1,0.9993576809875919,0.9991578119143506,0.9993576809875919,0.999459143618244,0.43775919198513896,0.6184318048768515,0.43775919198513896,0.6581206032606878,0.43775919198513896,0.3511697154135545
pp_1854673c655adfd4,0,0.03938881872176619,0.009378219678119106,0.03938881872176619,0.0464393925254286,0.43775919198513896,0.6184318048768515,0.43775919198513896,0.6581206032606878,0.43775919198513896,0.3511697154135545
pp_1aa2a296bfe48cd1,0,0.07644886611310471,0.005809702330022208,0.07644886611310471,0.08951499835676942,0.43775919198513896,0.6184318048768515,0.43775919198513896,0.6581206032606878,0.43775919198513896,0.3511697154135545
pp_23e29b72b636a073,0,0.007774834232874259,0.821715626520349,0.007774834232874259,0.009220843927140631,0.43775919198513896,0.6184318048768515,0.43775919198513896,0.6581206032606878,0.43775919198513896,0.3511697154135545
pp_28021aaea0f591df,1,0.7301882055031582,0.9630474905843478,0.7301882055031582,0.7627128289553752,0.43775919198513896,0.6184318048768515,0.43775919198513896,0.6581206032606878,0.43775919198513896,0.3511697154135545
pp_29abc00cbdb11b7d,1,0.9999887678872013,0.9994586050783371,0.9999887678872013,0.999990543088654,0.43775919198513896,0.6184318048768515,0.43775919198513896,0.6581206032606878,0.43775919198513896,0.3511697154135545
pp_2bda47b904f431d9,0,0.03435982331202973,0.002356071135032388,0.03435982331202973,0.04054820774991795,0.43775919198513896,0.6184318048768515,0.43775919198513896,0.6581206032606878,0.43775919198513896,0.3511697154135545
pp_316bb8ecbb617919,1,0.5805274249290554,0.9236669042969016,0.5805274249290554,0.621747412268118,0.43775919198513896,0.6184318048768515,0.43775919198513896,0.6581206032606878,0.43775919198513896,0.3511697154135545
pp_32483e1e5bdeb477,1,0.6094336143863714,0.1724889692238781,0.6094336143863714,0.6495279481209015,0.43775919198513896,0.6184318048768515,0.43775919198513896,0.6581206032606878,0.43775919198513896,0.3511697154135545
pp_33f77a365a9ec8fa,0,0.08751373884728665,0.37561470513379636,0.08751373884728665,0.10226160686692341,0.43775919198513896,0.6184318048768515,0.43775919198513896,0.6581206032606878,0.43775919198513896,0.3511697154135545
pp_383c8e07ae311e16,0,0.6184318048768515,0.23426443768145913,0.6184318048768515,0.6581206032606878,0.43775919198513896,0.6184318048768515,0.43775919198513896,0.6581206032606878,0.43775919198513896,0.3511697154135545
pp_3a43fc7aa6131a28,0,0.03930790050720336,0.004783736186288573,0.03930790050720336,0.04634468879684957,0.43775919198513896,0.6184318048768515,0.43775919198513896,0.6581206032606878,0.43775919198513896,0.3511697154135545
pp_3b4a2581820957af,0,0.017018076309726425,0.004778184758056055,0.017018076309726425,0.02014829028759606,0.43775919198513896,0.6184318048768515,0.43775919198513896,0.6581206032606878,0.43775919198513896,0.3511697154135545
pp_3c831e3ec962ccbd,0,0.02041799336487593,0.005847323164886059,0.02041799336487593,0.024158200721488523,0.43775919198513896,0.6184318048768515,0.43775919198513896,0.6581206032606878,0.43775919198513896,0.3511697154135545
pp_3ecd91810ac4902f,0,0.0212575766504704,0.006229379121935045,0.0212575766504704,0.02514763225826808,0.43775919198513896,0.6184318048768515,0.43775919198513896,0.6581206032606878,0.43775919198513896,0.3511697154135545
pp_3fa3d94af6f8a670,1,0.9999971243313158,0.9979284484188948,0.9999971243313158,0.9999975788252508,0.43775919198513896,0.6184318048768515,0.43775919198513896,0.6581206032606878,0.43775919198513896,0.3511697154135545
pp_4061c36415260418,1,0.9975621704160014,0.9997287616439535,0.9975621704160014,0.9979466745149553,0.43775919198513896,0.6184318048768515,0.43775919198513896,0.6581206032606878,0.43775919198513896,0.3511697154135545
pp_4a114b3b67335a68,1,0.9995042254234343,0.9972156487627821,0.9995042254234343,0.9995825491266925,0.43775919198513896,0.6184318048768515,0.43775919198513896,0.6581206032606878,0.43775919198513896,0.3511697154135545
pp_4e3a06c7c3ad58f5,0,0.10622832133210264,0.0484365493258049,0.10622832133210264,0.12370243389746934,0.43775919198513896,0.6184318048768515,0.43775919198513896,0.6581206032606878,0.43775919198513896,0.3511697154135545
pp_4ebbe70a89af21ec,0,0.19634633893905823,0.39037747966072717,0.19634633893905823,0.22491407744788086,0.43775919198513896,0.6184318048768515,0.43775919198513896,0.6581206032606878,0.43775919198513896,0.3511697154135545
pp_51f22da3d295b7c7,0,0.054932369103689725,0.0021521482277852702,0.054932369103689725,0.06457818631516712,0.43775919198513896,0.6184318048768515,0.43775919198513896,0.6581206032606878,0.43775919198513896,0.3511697154135545
pp_5398c750ab444a6a,0,0.0063455402694475435,0.012057926174994816,0.0063455402694475435,0.007527738179373409,0.43775919198513896,0.6184318048768515,0.43775919198513896,0.6581206032606878,0.43775919198513896,0.3511697154135545
pp_57cec1a05c81ad14,0,0.023483749927019997,0.0009548239223990952,0.023483749927019997,0.027769628238423646,0.43775919198513896,0.6184318048768515,0.43775919198513896,0.6581206032606878,0.43775919198513896,0.3511697154135545
pp_58466dce92f99d39,0,0.028610195747522972,0.008365413842654396,0.028610195747522982,0.033799287948262244,0.43775919198513896,0.6184318048768515,0.43775919198513896,0.6581206032606878,0.43775919198513896,0.3511697154135545
pp_5cde0e09c6b8aa37,0,0.03775891003216078,0.015315396518742863,0.03775891003216078,0.04453125604297949,0.43775919198513896,0.6184318048768515,0.43775919198513896,0.6581206032606878,0.43775919198513896,0.3511697154135545
pp_678b022c46507bce,1,0.9999985930711207,0.9994094598084522,0.9999985930711207,0.9999988154338139,0.43775919198513896,0.6184318048768515,0.43775919198513896,0.6581206032606878,0.43775919198513896,0.3511697154135545
pp_6a6ffd8c93e1f164,1,0.9999993204851555,0.9997229080681799,0.999999,0.9999991580483368,0.43775919198513896,0.6184318048768515,0.43775919198513896,0.6581206032606878,0.43775919198513896,0.3511697154135545
pp_6b336aca3c9700b5,0,0.025582579064212442,0.0012086457280126785,0.025582579064212442,0.030239640398378356,0.43775919198513896,0.6184318048768515,0.43775919198513896,0.6581206032606878,0.43775919198513896,0.3511697154135545
pp_6d7187ac1f30d954,1,0.9984285679168584,0.9878339857202033,0.9984285679168584,0.9986766016706223,0.43775919198513896,0.6184318048768515,0.43775919198513896,0.6581206032606878,0.43775919198513896,0.3511697154135545
pp_70897ced3bece48f,0,0.01958438428335478,0.0012336160939488785,0.01958438428335478,0.02317550223520268,0.43775919198513896,0.6184318048768515,0.43775919198513896,0.6581206032606878,0.43775919198513896,0.3511697154135545
pp_73c3bc7664745c41,1,0.9999402517702074,0.9999570893255996,0.9999402517702074,0.9999496944114603,0.43775919198513896,0.6184318048768515,0.43775919198513896,0.6581206032606878,0.43775919198513896,0.3511697154135545
pp_75a906ecd3afb340,1,0.9999913163488824,0.999981389421295,0.9999913163488824,0.99999268877662,0.43775919198513896,0.6184318048768515,0.43775919198513896,0.6581206032606878,0.43775919198513896,0.3511697154135545
pp_75e9cc3cec4f3b03,1,0.9999974256307052,0.9993393017803883,0.9999974256307052,0.999997832504951,0.43775919198513896,0.6184318048768515,0.43775919198513896,0.6581206032606878,0.43775919198513896,0.3511697154135545
pp_7a4e8d400af9d66c,0,0.20797698916266827,0.3504723809786645,0.20797698916266827,0.23773635675818816,0.43775919198513896,0.6184318048768515,0.43775919198513896,0.6581206032606878,0.43775919198513896,0.3511697154135545
pp_7a863a609d6179ba,1,0.999548886079786,0.9992431443156421,0.999548886079786,0.9996201568625944,0.43775919198513896,0.6184318048768515,0.43775919198513896,0.6581206032606878,0.43775919198513896,0.3511697154135545
pp_867343aea77f5470,1,0.999961724211454,0.9999867405299602,0.999961724211454,0.9999677734463134,0.43775919198513896,0.6184318048768515,0.43775919198513896,0.6581206032606878,0.43775919198513896,0.3511697154135545
pp_87521f57e2591180,1,0.9999843183286594,0.9980220674668783,0.9999843183286594,0.9999867967600955,0.43775919198513896,0.6184318048768515,0.43775919198513896,0.6581206032606878,0.43775919198513896,0.3511697154135545
pp_8c1c401659891494,1,0.9980921208948499,0.9994303217438918,0.9980921208948499,0.9983931737498908,0.43775919198513896,0.6184318048768515,0.43775919198513896,0.6581206032606878,0.43775919198513896,0.3511697154135545
pp_8e0a6ee8b9c9b3c9,0,0.03423144448599141,0.03892960536267641,0.03423144448599141,0.04039767452294741,0.43775919198513896,0.6184318048768515,0.43775919198513896,0.6581206032606878,0.43775919198513896,0.3511697154135545
pp_8f323278a32bd62b,1,0.9997546106343557,0.9966700283710015,0.9997546106343557,0.9997933860349157,0.43775919198513896,0.6184318048768515,0.43775919198513896,0.6581206032606878,0.43775919198513896,0.3511697154135545
pp_abc6829f73a1e6fd,1,0.9999993354459626,0.9997013162041648,0.999999,0.9999991580483368,0.43775919198513896,0.6184318048768515,0.43775919198513896,0.6581206032606878,0.43775919198513896,0.3511697154135545
pp_ae3b1448df011d05,0,0.21584495541348217,0.2016354432916488,0.21584495541348214,0.24637993006701622,0.43775919198513896,0.6184318048768515,0.43775919198513896,0.6581206032606878,0.43775919198513896,0.3511697154135545
pp_b1e9928a10581762,1,0.3511697154135545,0.9047622347387766,0.3511697154135545,0.39129578046756114,0.43775919198513896,0.6184318048768515,0.43775919198513896,0.6581206032606878,0.43775919198513896,0.3511697154135545
pp_b72cd830b2f2f086,1,0.9979581581692315,0.9835137111037779,0.9979581581692315,0.9982803131861463,0.43775919198513896,0.6184318048768515,0.43775919198513896,0.6581206032606878,0.43775919198513896,0.3511697154135545
pp_bbdd318fe68867e1,1,0.9998763165662913,0.9993795177130923,0.9998763165662913,0.999895862508056,0.43775919198513896,0.6184318048768515,0.43775919198513896,0.6581206032606878,0.43775919198513896,0.3511697154135545
pp_c13edf26a4ba9f61,1,0.99991285375802,0.9945759971352304,0.99991285375802,0.9999266260776138,0.43775919198513896,0.6184318048768515,0.43775919198513896,0.6581206032606878,0.43775919198513896,0.3511697154135545
pp_c456c29d9b7a1bce,1,0.9999997768813829,0.9990919066819635,0.999999,0.9999991580483368,0.43775919198513896,0.6184318048768515,0.43775919198513896,0.6581206032606878,0.43775919198513896,0.3511697154135545
pp_c4dc9cb6d437aea7,0,0.15323839281745838,0.0022541669807697516,0.15323839281745838,0.17691478864623286,0.43775919198513896,0.6184318048768515,0.43775919198513896,0.6581206032606878,0.43775919198513896,0.3511697154135545
pp_c52aabbcc5158cfe,0,0.7559350487217679,0.8870914870822129,0.7559350487217679,0.7862644874692472,0.43775919198513896,0.6184318048768515,0.43775919198513896,0.6581206032606878,0.43775919198513896,0.3511697154135545
pp_c82859dcb798670e,0,0.22458350767540233,0.010200292893171231,0.22458350767540233,0.2559511942282479,0.43775919198513896,0.6184318048768515,0.43775919198513896,0.6581206032606878,0.43775919198513896,0.3511697154135545
pp_d5083fffc8f3251d,0,0.12776734708618964,0.12850053525844007,0.12776734708618964,0.1481970578517323,0.43775919198513896,0.6184318048768515,0.43775919198513896,0.6581206032606878,0.43775919198513896,0.3511697154135545
pp_dc4dde37fd23d15b,0,0.05313492330311601,0.010006379999999959,0.05313492330311601,0.062485987331457965,0.43775919198513896,0.6184318048768515,0.43775919198513896,0.6581206032606878,0.43775919198513896,0.3511697154135545
pp_decb746814925002,1,0.9999999428175462,0.9999294338199882,0.999999,0.9999991580483368,0.43775919198513896,0.6184318048768515,0.43775919198513896,0.6581206032606878,0.43775919198513896,0.3511697154135545
pp_e3015bbe9e31b3d0,0,0.023586704115539127,0.002268198216883298,0.023586704115539127,0.02789083531918131,0.43775919198513896,0.6184318048768515,0.43775919198513896,0.6581206032606878,0.43775919198513896,0.3511697154135545
pp_ea12a7092471ed47,0,0.035947512144959566,0.01710457713250067,0.035947512144959566,0.04240928918114859,0.43775919198513896,0.6184318048768515,0.43775919198513896,0.6581206032606878,0.43775919198513896,0.3511697154135545
pp_eee2ffc078273f83,0,0.47234129456480656,0.09043857057749553,0.47234129456480656,0.5153164449587448,0.43775919198513896,0.6184318048768515,0.43775919198513896,0.6581206032606878,0.43775919198513896,0.3511697154135545
pp_f150584aafac10fb,1,0.9999999711998545,0.9999823022494625,0.999999,0.9999991580483368,0.43775919198513896,0.6184318048768515,0.43775919198513896,0.6581206032606878,0.43775919198513896,0.3511697154135545
pp_f590969aad42346d,1,0.9999731468036736,0.9998732275176666,0.9999731468036736,0.9999773908143075,0.43775919198513896,0.6184318048768515,0.43775919198513896,0.6581206032606878,0.43775919198513896,0.3511697154135545
