pair,metric,estimate,ci_low,ci_high,mcnemar_p,n_sites,n_test_evaluations,status,side_a,side_b,threshold_a,threshold_b,mcnemar_b,mcnemar_c,mcnemar_method
bank lr vs q_direct (S1),f1,0.17357910906298002,0.0705703115642257,0.29183894230769225,0.00738525390625,60,142,ok,t07_bootstrap-phreshphish_S1_test_scores.csv:p_lr@0.3400501864462177,t07_bootstrap-phreshphish_S1_test_scores.csv:q_direct@0.1,0.3400501864462177,0.1,13.0,2.0,exact binomial
bank lr vs q_direct (S1),auroc,0.12944444444444436,0.043373551686882304,0.23394791666666676,,60,142,ok,t07_bootstrap-phreshphish_S1_test_scores.csv:p_lr@0.3400501864462177,t07_bootstrap-phreshphish_S1_test_scores.csv:q_direct@0.1,0.3400501864462177,0.1,13.0,2.0,exact binomial
q_direct S2 vs S1,f1,,,,,0,142,missing: t06_bootstrap-phreshphish_test_S2_direct.csv:q_direct@0.5,t06_bootstrap-phreshphish_test_S2_direct.csv:q_direct@0.5,t06_bootstrap-phreshphish_test_S1_direct.csv:q_direct@0.5,,,,,
q_direct S2 vs S1,auroc,,,,,0,142,missing: t06_bootstrap-phreshphish_test_S2_direct.csv:q_direct@0.5,t06_bootstrap-phreshphish_test_S2_direct.csv:q_direct@0.5,t06_bootstrap-phreshphish_test_S1_direct.csv:q_direct@0.5,,,,,
q_direct S3 vs S1,f1,0.08074534161490687,-0.015157342657342645,0.21515550239234443,0.625,60,142,ok,t06_bootstrap-phreshphish_test_S3_direct.csv:q_direct@0.5,t06_bootstrap-phreshphish_test_S1_direct.csv:q_direct@0.5,0.5,0.5,3.0,1.0,exact binomial
q_direct S3 vs S1,auroc,0.028888888888889075,-0.030557126696832585,0.1007161458333334,,60,142,ok,t06_bootstrap-phreshphish_test_S3_direct.csv:q_direct@0.5,t06_bootstrap-phreshphish_test_S1_direct.csv:q_direct@0.5,0.5,0.5,3.0,1.0,exact binomial
q_direct S0 vs S1,f1,-0.3896103896103896,-0.658307210031348,-0.062389520202020425,0.03515625,60,142,ok,t06_bootstrap-phreshphish_test_S0_direct.csv:q_direct@0.5,t06_bootstrap-phreshphish_test_S1_direct.csv:q_direct@0.5,0.5,0.5,3.0,12.0,exact binomial
q_direct S0 vs S1,auroc,0.06833333333333336,-0.024716931216931214,0.18072011784511788,,60,142,ok,t06_bootstrap-phreshphish_test_S0_direct.csv:q_direct@0.5,t06_bootstrap-phreshphish_test_S1_direct.csv:q_direct@0.5,0.5,0.5,3.0,12.0,exact binomial
q_direct budget 100 vs 2000,f1,-0.193050193050193,-0.35586734693877553,-0.041458123720639804,0.0625,60,142,ok,t06b_bootstrap-phreshphish_test_S1b-100_direct.csv:q_direct@0.5,t06b_bootstrap-phreshphish_test_S1b-2000_direct.csv:q_direct@0.5,0.5,0.5,0.0,5.0,exact binomial
q_direct budget 100 vs 2000,auroc,-0.09333333333333338,-0.19387319374298537,-0.006360057043650755,,60,142,ok,t06b_bootstrap-phreshphish_test_S1b-100_direct.csv:q_direct@0.5,t06b_bootstrap-phreshphish_test_S1b-2000_direct.csv:q_direct@0.5,0.5,0.5,0.0,5.0,exact binomial
q_direct budget 250 vs 2000,f1,-0.03484320557491283,-0.18019199269199263,0.1239334923158452,1.0,60,142,ok,t06b_bootstrap-phreshphish_test_S1b-250_direct.csv:q_direct@0.5,t06b_bootstrap-phreshphish_test_S1b-2000_direct.csv:q_direct@0.5,0.5,0.5,2.0,3.0,exact binomial
q_direct budget 250 vs 2000,auroc,-0.022777777777777786,-0.09428030303030294,0.038164786537978904,,60,142,ok,t06b_bootstrap-phreshphish_test_S1b-250_direct.csv:q_direct@0.5,t06b_bootstrap-phreshphish_test_S1b-2000_direct.csv:q_direct@0.5,0.5,0.5,2.0,3.0,exact binomial
q_direct budget 500 vs 2000,f1,0.0,-0.10312059250120871,0.10465393133997782,1.0,60,142,ok,t06b_bootstrap-phreshphish_test_S1b-500_direct.csv:q_direct@0.5,t06b_bootstrap-phreshphish_test_S1b-2000_direct.csv:q_direct@0.5,0.5,0.5,1.0,1.0,exact binomial
q_direct budget 500 vs 2000,auroc,-0.032777777777777906,-0.08955000817718652,0.002781491843412345,,60,142,ok,t06b_bootstrap-phreshphish_test_S1b-500_direct.csv:q_direct@0.5,t06b_bootstrap-phreshphish_test_S1b-2000_direct.csv:q_direct@0.5,0.5,0.5,1.0,1.0,exact binomial
q_direct budget 1000 vs 2000,f1,0.0,0.0,0.0,1.0,60,142,ok,t06b_bootstrap-phreshphish_test_S1b-1000_direct.csv:q_direct@0.5,t06b_bootstrap-phreshphish_test_S1b-2000_direct.csv:q_direct@0.5,0.5,0.5,0.0,0.0,none (no discordant pairs)
q_direct budget 1000 vs 2000,auroc,-0.015555555555555545,-0.07344541384678574,0.026024789915966396,,60,142,ok,t06b_bootstrap-phreshphish_test_S1b-1000_direct.csv:q_direct@0.5,t06b_bootstrap-phreshphish_test_S1b-2000_direct.csv:q_direct@0.5,0.5,0.5,0.0,0.0,none (no discordant pairs)
evidence cascade (lr arm) vs S1 alone (lr),f1,,,,,0,142,missing: t11b_bootstrap-phreshphish_lr_S0-S1-S2_test_scores.csv:p,t11b_bootstrap-phreshphish_lr_S0-S1-S2_test_scores.csv:p,t07_bootstrap-phreshphish_S1_test_scores.csv:p_lr@0.3400501864462177,,,,,
evidence cascade (lr arm) vs S1 alone (lr),auroc,,,,,0,142,missing: t11b_bootstrap-phreshphish_lr_S0-S1-S2_test_scores.csv:p,t11b_bootstrap-phreshphish_lr_S0-S1-S2_test_scores.csv:p,t07_bootstrap-phreshphish_S1_test_scores.csv:p_lr@0.3400501864462177,,,,,
VoI 10:1 vs swept band (lr arm),f1,,,,,0,142,missing: t11b_bootstrap-phreshphish_lr_S0-S1-S2_test_scores.csv:p,t20_bootstrap-phreshphish_voi_test_scores.csv:p_voi_10,t11b_bootstrap-phreshphish_lr_S0-S1-S2_test_scores.csv:p,,,,,
VoI 10:1 vs swept band (lr arm),auroc,,,,,0,142,missing: t11b_bootstrap-phreshphish_lr_S0-S1-S2_test_scores.csv:p,t20_bootstrap-phreshphish_voi_test_scores.csv:p_voi_10,t11b_bootstrap-phreshphish_lr_S0-S1-S2_test_scores.csv:p,,,,,
VoI 10:1 vs S1 alone (lr),f1,-0.01745108408249596,-0.09505131414267834,0.057018995098039205,1.0,60,142,ok,t20_bootstrap-phreshphish_voi_test_scores.csv:p_voi_10,t07_bootstrap-phreshphish_S1_test_scores.csv:p_lr@0.3400501864462177,0.5,0.3400501864462177,2.0,3.0,exact binomial
VoI 10:1 vs S1 alone (lr),auroc,-0.026111111111111085,-0.07144252232142854,0.00558114002124414,,60,142,ok,t20_bootstrap-phreshphish_voi_test_scores.csv:p_voi_10,t07_bootstrap-phreshphish_S1_test_scores.csv:p_lr@0.3400501864462177,0.5,0.3400501864462177,2.0,3.0,exact binomial
prior_em vs R1 threshold (t21_bootstrap-phreshphish_scores),f1,-0.03712671509281673,-0.11190468514936594,0.027743199515458054,0.625,60,142,ok,t21_bootstrap-phreshphish_scores.csv:p_shift_em@0.6581206032606878,t21_bootstrap-phreshphish_scores.csv:p_cal@0.3511697154135545,0.6581206032606878,0.3511697154135545,1.0,3.0,exact binomial
prior_em vs R1 threshold (t21_bootstrap-phreshphish_scores),auroc,0.0,-1.1102230246251565e-16,1.1102230246251565e-16,,60,142,ok,t21_bootstrap-phreshphish_scores.csv:p_shift_em@0.6581206032606878,t21_bootstrap-phreshphish_scores.csv:p_cal@0.3511697154135545,0.6581206032606878,0.3511697154135545,1.0,3.0,exact binomial
prior_em vs R1 threshold (t21_bootstrap-putra_scores),f1,-0.07111111111111112,-0.15322824876860444,-0.01565976177818293,0.125,49,142,ok,t21_bootstrap-putra_scores.csv:p_shift_em@0.8726261911472614,t21_bootstrap-putra_scores.csv:p_cal@0.9313486660412787,0.8726261911472614,0.9313486660412787,0.0,4.0,exact binomial
prior_em vs R1 threshold (t21_bootstrap-putra_scores),auroc,0.0,-1.1102230246251565e-16,1.1102230246251565e-16,,49,142,ok,t21_bootstrap-putra_scores.csv:p_shift_em@0.8726261911472614,t21_bootstrap-putra_scores.csv:p_cal@0.9313486660412787,0.8726261911472614,0.9313486660412787,0.0,4.0,exact binomial
decision model (bank lr) vs best SVLM (paper 2),f1,,,,,0,142,missing: data/paper2/best_svlm_decisions.csv:decision@0.5,t07_bootstrap-phreshphish_S1_test_scores.csv:p_lr@0.3400501864462177,data/paper2/best_svlm_decisions.csv:decision@0.5,,,,,
decision model (bank lr) vs best SVLM (paper 2),auroc,,,,,0,142,missing: data/paper2/best_svlm_decisions.csv:decision@0.5,t07_bootstrap-phreshphish_S1_test_scores.csv:p_lr@0.3400501864462177,data/paper2/best_svlm_decisions.csv:decision@0.5,,,,,
